Handle,Title,Body (HTML),Vendor,Product Category,Type,Tags,Published,Option1 Name,Option1 Value,Variant SKU,Variant Grams,Variant Inventory Tracker,Variant Inventory Policy,Variant Fulfillment Service,Variant Price,Variant Compare At Price,Variant Requires Shipping,Variant Taxable,Image Src,Image Position,Image Alt Text,Variant Image,SEO Title,SEO Description,Status
aromatizante-alecrim,Aromatizante Alecrim,"<p>Alecrim é uma fragrância revitalizante e natural, perfeita para quem aprecia a pureza e o frescor das ervas aromáticas.<br/>
Sua abertura vibrante combina notas frescas e cítricas de lavanda, alecrim, laranja e limão, proporcionando uma sensação imediata de energia e bem-estar.No coração, um delicado equilíbrio entre flores brancas, litsea cubeba e petit grain adiciona uma suavidade floral refinada.</p>
<p>Por fim, a base se revela com madeiras nobres, musk, pau-rosa e cedro, conferindo profundidade, calor e um toque sofisticado e envolvente. Uma composição harmoniosa que perfuma e transforma qualquer ambiente com elegância e frescor.</p>",Aromart Rios,Home & Garden > Decor > Home Fragrances,Aromatizante,"aromas, Aromatizante",TRUE,Tamanho da Embalagem,1 Litro,ART-ALECRIM-1-litro,,shopify,deny,manual,159.99,179.99,TRUE,TRUE,https://cdn.awsli.com.br/2500x2500/559/559239/produto/21670837/alecrim-gv3d4zt067.png,1,Aromatizante Alecrim - imagem 1,https://cdn.awsli.com.br/2500x2500/559/559239/produto/21670837/alecrim---copia-5biwx5fzr6.png,Aromatizante Alecrim,"Alecrim é uma fragrância revitalizante e natural, perfeita para quem aprecia a pureza e o frescor das ervas aromáticas. Sua abertura vibrante combina notas frescas e cítricas de lavanda, alecrim, laranja e limão, proporcionando uma sensação imediata de energia e bem-estar.No coração, um delicado equilíbrio entre flores",active
aromatizante-alecrim,,,,,,,,,500 Ml,ART-ALECRIM-500-ml,,shopify,deny,manual,99.99,129.90,TRUE,TRUE,https://cdn.awsli.com.br/2500x2500/559/559239/produto/21670837/alecrim---copia-5biwx5fzr6.png,2,Aromatizante Alecrim - imagem 2,https://cdn.awsli.com.br/2500x2500/559/559239/produto/21670837/alecrim-gv3d4zt067.png,,,
aromatizante-alecrim,,,,,,,,,,,,,,,,,,,https://cdn.awsli.com.br/2500x2500/559/559239/produto/21670837/4d87258bc261827cdc3ae44cc4426c7e-v5qwfidbby.jpg,3,Aromatizante Alecrim - imagem 3,,,,
aromatizante-alecrim,,,,,,,,,,,,,,,,,,,https://cdn.awsli.com.br/2500x2500/559/559239/produto/21670837/photoroom_20231216_154429-r6bhuuqj6s.jpg,4,Aromatizante Alecrim - imagem 4,,,,
aromatizante-alecrim,,,,,,,,,,,,,,,,,,,https://cdn.awsli.com.br/2500x2500/559/559239/produto/21670837/576ad5a079935339934e4accd247516b-s0rodqkcj0.jpg,5,Aromatizante Alecrim - imagem 5,,,,
aromatizante-aromarts,Aromatizante Aromarts,"<p>Aromarts é uma fragrância sofisticada e envolvente, perfeita para quem busca um aroma marcante e distinto. Sua saída combina a delicadeza floral da frésia com a leveza cítrica do néroli, criando uma abertura fresca e revigorante. No coração, a elegância da lavanda se entrelaça ao toque sutilmente herbáceo do junípero, acrescentando profundidade e um caráter aromático refinado. Para finalizar, a base de musgo e âmbar revela uma assinatura quente e acolhedora, proporcionando uma experiência olfativa sofisticada e memorável.</p>",Aromart Rios,Home & Garden > Decor > Home Fragrances,Aromatizante,"aromas, Aromatizante",TRUE,Tamanho da Embalagem,1 Litro,ART-AROMART-1-litro,,shopify,deny,manual,109.90,139.90,TRUE,TRUE,https://cdn.awsli.com.br/2500x2500/559/559239/produto/21672621/aromarts-jvkx52ehr2.png,1,Aromatizante Aromarts - imagem 1,https://cdn.awsli.com.br/2500x2500/559/559239/produto/21672621/aromarts---copia-wzzzcyp8lg.png,Aromatizante Aromarts,"Aromarts é uma fragrância sofisticada e envolvente, perfeita para quem busca um aroma marcante e distinto. Sua saída combina a delicadeza floral da frésia com a leveza cítrica do néroli, criando uma abertura fresca e revigorante. No coração, a elegância da lavanda se entrelaça ao toque sutilmente herbáceo do junípero, ",active
aromatizante-aromarts,,,,,,,,,500 Ml,ART-AROMART-500-ml,,shopify,deny,manual,79.90,119.90,TRUE,TRUE,https://cdn.awsli.com.br/2500x2500/559/559239/produto/21672621/aromarts---copia-wzzzcyp8lg.png,2,Aromatizante Aromarts - imagem 2,https://cdn.awsli.com.br/2500x2500/559/559239/produto/21672621/aromarts-jvkx52ehr2.png,,,
aromatizante-aromarts,,,,,,,,,,,,,,,,,,,https://cdn.awsli.com.br/2500x2500/559/559239/produto/21672621/e54d1e2263d2a56f15cba0c2a473d619-aibzxejr4v.jpg,3,Aromatizante Aromarts - imagem 3,,,,
aromatizante-aromarts,,,,,,,,,,,,,,,,,,,https://cdn.awsli.com.br/2500x2500/559/559239/produto/21672621/photoroom_20231216_154429-xsj06407p2.jpg,4,Aromatizante Aromarts - imagem 4,,,,
aromatizante-aromarts,,,,,,,,,,,,,,,,,,,https://cdn.awsli.com.br/2500x2500/559/559239/produto/21672621/6fac67a5cfc78da4f29a85b866f67244-e5ejpidnnr.jpg,5,Aromatizante Aromarts - imagem 5,,,,
aromatizante-aromarts,,,,,,,,,,,,,,,,,,,https://cdn.awsli.com.br/2500x2500/559/559239/produto/21672621/a33953635dd69ce1d64604b7a9ba581d-7wrl2drm4q.jpg,6,Aromatizante Aromarts - imagem 6,,,,
aromatizante-bamboo,Aromatizante Bamboo,"<p>Bamboo é uma fragrância delicada e harmoniosa, ideal para criar uma atmosfera de serenidade e bem-estar. Sua abertura combina o frescor verde do bamboo com a vivacidade cítrica da bergamota, trazendo uma sensação revigorante e leve. No coração, a sofisticação do jacinto e a suavidade do jasmim se entrelaçam em um buquê floral equilibrado e elegante.</p>
<p>Por fim, a base de musk e madeira aveludada envolve o ambiente com um toque suave e acolhedor, garantindo um aroma refinado e reconfortante.</p>",Aromart Rios,Home & Garden > Decor > Home Fragrances,Aromatizante,"aromas, Aromatizante",TRUE,Tamanho da Embalagem,1 Litro,ART-BAMBOO-1-litro,,shopify,deny,manual,159.99,179.99,TRUE,TRUE,https://cdn.awsli.com.br/2500x2500/559/559239/produto/22342685/bamboo-1-2y2tq0w6yc.png,1,Aromatizante Bamboo - imagem 1,https://cdn.awsli.com.br/2500x2500/559/559239/produto/22342685/bambu-2---copia-62lteuebb8.png,Aromatizante Bamboo,"Bamboo é uma fragrância delicada e harmoniosa, ideal para criar uma atmosfera de serenidade e bem-estar. Sua abertura combina o frescor verde do bamboo com a vivacidade cítrica da bergamota, trazendo uma sensação revigorante e leve. No coração, a sofisticação do jacinto e a suavidade do jasmim se entrelaçam em um buquê",active
aromatizante-bamboo,,,,,,,,,500 Ml,ART-BAMBOO-500-ml,,shopify,deny,manual,129.90,,TRUE,TRUE,https://cdn.awsli.com.br/2500x2500/559/559239/produto/22342685/bambu-2---copia-62lteuebb8.png,2,Aromatizante Bamboo - imagem 2,https://cdn.awsli.com.br/2500x2500/559/559239/produto/22342685/bamboo-1-2y2tq0w6yc.png,,,
aromatizante-bamboo,,,,,,,,,,,,,,,,,,,https://cdn.awsli.com.br/2500x2500/559/559239/produto/22342685/1735db76629abf44c62aa2f2e7296504-lbhr48ewyk.jpg,3,Aromatizante Bamboo - imagem 3,,,,
aromatizante-bamboo,,,,,,,,,,,,,,,,,,,https://cdn.awsli.com.br/2500x2500/559/559239/produto/22342685/70eefeacafbcd3117ac9fd4ce06352b3-q8fhdss9yz.jpg,4,Aromatizante Bamboo - imagem 4,,,,
aromatizante-bamboo,,,,,,,,,,,,,,,,,,,https://cdn.awsli.com.br/2500x2500/559/559239/produto/22342685/photoroom_20231216_154429-zblqsk8kex.jpg,5,Aromatizante Bamboo - imagem 5,,,,
aromatizante-bb,Aromatizante Bb,"<p>Bb é uma fragrância delicada e envolvente, perfeita para transmitir aconchego e suavidade. Sua abertura combina o frescor aromático do anis com a serenidade da lavanda, criando uma sensação leve e relaxante. No coração, um buquê sofisticado de íris, jasmim e gerânio adiciona profundidade floral e um toque de elegância.</p>
<p>Uma composição harmoniosa que perfuma com delicadeza e torna qualquer ambiente mais acolhedor.</p>",Aromart Rios,Home & Garden > Decor > Home Fragrances,Aromatizante,"aromas, Aromatizante",TRUE,Tamanho da Embalagem,1 Litro,ART-BB-1-litro,,shopify,deny,manual,159.90,189.90,TRUE,TRUE,https://cdn.awsli.com.br/2500x2500/559/559239/produto/21673002/bb-y3lg6oefim.png,1,Aromatizante Bb - imagem 1,https://cdn.awsli.com.br/2500x2500/559/559239/produto/21673002/bb---copia-qvmph3nxps.png,Aromatizante Bb,"Bb é uma fragrância delicada e envolvente, perfeita para transmitir aconchego e suavidade. Sua abertura combina o frescor aromático do anis com a serenidade da lavanda, criando uma sensação leve e relaxante. No coração, um buquê sofisticado de íris, jasmim e gerânio adiciona profundidade floral e um toque de elegância.",active
aromatizante-bb,,,,,,,,,500 Ml,ART-BB-500-ml,,shopify,deny,manual,75.00,99.90,TRUE,TRUE,https://cdn.awsli.com.br/2500x2500/559/559239/produto/21673002/bb---copia-qvmph3nxps.png,2,Aromatizante Bb - imagem 2,https://cdn.awsli.com.br/2500x2500/559/559239/produto/21673002/bb-y3lg6oefim.png,,,
aromatizante-bb,,,,,,,,,,,,,,,,,,,https://cdn.awsli.com.br/2500x2500/559/559239/produto/21673002/3cc74a96e4d241cba670870375b32fec-0t2k4klsr1.jpg,3,Aromatizante Bb - imagem 3,,,,
aromatizante-bb,,,,,,,,,,,,,,,,,,,https://cdn.awsli.com.br/2500x2500/559/559239/produto/21673002/photoroom_20231216_154429-f2e68x6ksp.jpg,4,Aromatizante Bb - imagem 4,,,,
aromatizante-bb,,,,,,,,,,,,,,,,,,,https://cdn.awsli.com.br/2500x2500/559/559239/produto/21673002/46e7fb13550015ddbc93b899b146d8ea-ayxt0s4gzc.jpg,5,Aromatizante Bb - imagem 5,,,,
aromatizante-bb,,,,,,,,,,,,,,,,,,,https://cdn.awsli.com.br/2500x2500/559/559239/produto/21673002/8d7a9b38002848d2c6c57df396a31b10-3kjcqv2zkf.jpg,6,Aromatizante Bb - imagem 6,,,,
aromatizante-black-vanilla,Aromatizante Black Vanilla,"<p>Black Vanilla é uma fragrância sofisticada e envolvente, ideal para quem busca um aroma indulgente e aconchegante. Sua abertura exótica combina o toque adocicado do anis com a cremosidade do coco e a leveza cítrica da bergamota, criando um início intrigante e sedutor. No coração, a delicadeza floral do jasmim se funde à suavidade do leite, resultando em uma textura olfativa cremosa e sofisticada. </p>
<p>Por fim, a base de musk e baunilha envolve o ambiente com um toque quente e reconfortante, garantindo uma assinatura marcante e duradoura.</p>",Aromart Rios,Home & Garden > Decor > Home Fragrances,Aromatizante,"aromas, Aromatizante",TRUE,Tamanho da Embalagem,1 Litro,ART-BLK-VANILLA-1-litro,,shopify,deny,manual,129.99,159.99,TRUE,TRUE,https://cdn.awsli.com.br/2500x2500/559/559239/produto/21670252/black-vanilla-pqleu9paot.png,1,Aromatizante Black Vanilla - imagem 1,https://cdn.awsli.com.br/2500x2500/559/559239/produto/21670252/black-vanilla---copia-ofg2tlmzfc.png,Aromatizante Black Vanilla,"Black Vanilla é uma fragrância sofisticada e envolvente, ideal para quem busca um aroma indulgente e aconchegante. Sua abertura exótica combina o toque adocicado do anis com a cremosidade do coco e a leveza cítrica da bergamota, criando um início intrigante e sedutor. No coração, a delicadeza floral do jasmim se funde ",active
aromatizante-black-vanilla,,,,,,,,,500 Ml,ART-BLK-VANILLA-500-ml,,shopify,deny,manual,99.99,129.90,TRUE,TRUE,https://cdn.awsli.com.br/2500x2500/559/559239/produto/21670252/black-vanilla---copia-ofg2tlmzfc.png,2,Aromatizante Black Vanilla - imagem 2,https://cdn.awsli.com.br/2500x2500/559/559239/produto/21670252/black-vanilla-pqleu9paot.png,,,
aromatizante-black-vanilla,,,,,,,,,,,,,,,,,,,https://cdn.awsli.com.br/2500x2500/559/559239/produto/21670252/ed8332985e291451ab1208de28aa89bf-4iokqhqfye.jpg,3,Aromatizante Black Vanilla - imagem 3,,,,
aromatizante-black-vanilla,,,,,,,,,,,,,,,,,,,https://cdn.awsli.com.br/2500x2500/559/559239/produto/21670252/photoroom_20231216_154429-uj6xvj7egf.jpg,4,Aromatizante Black Vanilla - imagem 4,,,,
aromatizante-black-vanilla,,,,,,,,,,,,,,,,,,,https://cdn.awsli.com.br/2500x2500/559/559239/produto/21670252/f3e3026afb84e85a23f94eba534e485b-jpcfagckl4.jpg,5,Aromatizante Black Vanilla - imagem 5,,,,
aromatizante-black-vanilla,,,,,,,,,,,,,,,,,,,https://cdn.awsli.com.br/2500x2500/559/559239/produto/21670252/16abfd58c805dbb7e9277acdba627739-myouermwct.jpg,6,Aromatizante Black Vanilla - imagem 6,,,,
aromatizante-blue,Aromatizante Blue,"<p>Blue é uma fragrância masculina vibrante e sofisticada, perfeita para homens que vivem com energia e intensidade. Sua saída combina a picância da pimenta rosa com a vivacidade dos acordes cítricos, equilibrada pela refrescância da menta e a elegância do vetiver, criando uma abertura revigorante e marcante. No coração, a complexidade aromática do jasmim, labdanum, grapefruit, cedro e noz-moscada adiciona profundidade e caráter à composição.</p>
<p>Por fim, a base de gengibre, incenso, sândalo, musgo e patchouli traz uma assinatura amadeirada e especiada, proporcionando um rastro intenso, sofisticado e inesquecível.</p>",Aromart Rios,Home & Garden > Decor > Home Fragrances,Aromatizante,"aromas, Aromatizante",TRUE,Tamanho da Embalagem,1 Litro,ART-BLUE-1-litro,,shopify,deny,manual,159.99,179.99,TRUE,TRUE,https://cdn.awsli.com.br/2500x2500/559/559239/produto/21670033/blue-hy60qu8w35.png,1,Aromatizante Blue - imagem 1,https://cdn.awsli.com.br/2500x2500/559/559239/produto/21670033/blue---copia-es3qcoa3o4.png,Aromatizante Blue,"Blue é uma fragrância masculina vibrante e sofisticada, perfeita para homens que vivem com energia e intensidade. Sua saída combina a picância da pimenta rosa com a vivacidade dos acordes cítricos, equilibrada pela refrescância da menta e a elegância do vetiver, criando uma abertura revigorante e marcante. No coração, ",active
aromatizante-blue,,,,,,,,,500 Ml,ART-BLUE-500-ml,,shopify,deny,manual,129.90,,TRUE,TRUE,https://cdn.awsli.com.br/2500x2500/559/559239/produto/21670033/blue---copia-es3qcoa3o4.png,2,Aromatizante Blue - imagem 2,https://cdn.awsli.com.br/2500x2500/559/559239/produto/21670033/blue-hy60qu8w35.png,,,
aromatizante-blue,,,,,,,,,,,,,,,,,,,https://cdn.awsli.com.br/2500x2500/559/559239/produto/21670033/577810f9a6e69cead8aa7cfc4df01d49-5v97x86ti6.jpg,3,Aromatizante Blue - imagem 3,,,,
aromatizante-blue,,,,,,,,,,,,,,,,,,,https://cdn.awsli.com.br/2500x2500/559/559239/produto/21670033/photoroom_20231216_154429-qgz3251swt.jpg,4,Aromatizante Blue - imagem 4,,,,
aromatizante-blue,,,,,,,,,,,,,,,,,,,https://cdn.awsli.com.br/2500x2500/559/559239/produto/21670033/5f7d936ae21071acd9f77da4861611c4-jlsvo7fg2t.jpg,5,Aromatizante Blue - imagem 5,,,,
aromatizante-blue,,,,,,,,,,,,,,,,,,,https://cdn.awsli.com.br/2500x2500/559/559239/produto/21670033/0210c495c7f31c8a1de3569657e36b46-02wgwigxo5.jpg,6,Aromatizante Blue - imagem 6,,,,
aromatizante-bossa,Aromatizante Bossa,"<p>Bossa é uma fragrância leve e revigorante, perfeita para momentos de frescor e descontração. Sua saída cítrica combina a vivacidade do limão, verbena, lavanda e lima da Pérsia, proporcionando uma sensação energizante e luminosa. No coração, o frescor natural das notas verdes se une à delicadeza do lírio do vale, evocando a serenidade da natureza.</p>
<p>Por fim, a base de musk, cedro e patchouli adiciona um toque amadeirado sofisticado, conferindo equilíbrio e elegância à fragrância. Uma composição harmoniosa que traduz frescor, leveza e sofisticação em cada nota.</p>",Aromart Rios,Home & Garden > Decor > Home Fragrances,Aromatizante,"aromas, Aromatizante",TRUE,Tamanho da Embalagem,1 Litro,ART-BOSSA-1-litro,,shopify,deny,manual,159.99,179.99,TRUE,TRUE,https://cdn.awsli.com.br/2500x2500/559/559239/produto/21675362/bossa--1--3u9edapffs.png,1,Aromatizante Bossa - imagem 1,,Aromatizante Bossa,"Bossa é uma fragrância leve e revigorante, perfeita para momentos de frescor e descontração. Sua saída cítrica combina a vivacidade do limão, verbena, lavanda e lima da Pérsia, proporcionando uma sensação energizante e luminosa. No coração, o frescor natural das notas verdes se une à delicadeza do lírio do vale, evocan",active
aromatizante-bossa,,,,,,,,,500 Ml,ART-BOSSA-500-ml,,shopify,deny,manual,99.99,129.99,TRUE,TRUE,https://cdn.awsli.com.br/2500x2500/559/559239/produto/21675362/bossa-amshf66161.png,2,Aromatizante Bossa - imagem 2,,,,
aromatizante-bossa,,,,,,,,,,,,,,,,,,,https://cdn.awsli.com.br/2500x2500/559/559239/produto/21675362/photoroom_20231216_154429-35zo61p1ah-cjvrfdshsy.jpg,3,Aromatizante Bossa - imagem 3,,,,
aromatizante-cereja-com-avela,Aromatizante Cereja com Avelã,"<p>Cereja e Avelã é uma fragrância gourmand irresistível, que combina doçura e sofisticação em uma experiência olfativa envolvente. Sua abertura traz a suculência vibrante da cereja, equilibrada pelo frescor do limão e a doçura delicada do morango, criando um início frutado e cativante. No coração, a cremosidade da avelã se entrelaça à elegância do jasmim e ao calor especiado da canela, resultando em um aroma acolhedor e sofisticado. </p>
<p>Por fim, a base de âmbar, musk e baunilha proporciona uma assinatura reconfortante e duradoura, deixando um rastro quente e sofisticado.</p>",Aromart Rios,Home & Garden > Decor > Home Fragrances,Aromatizante,"aromas, Aromatizante",TRUE,Tamanho da Embalagem,1 Litro,ART-CRJ-AVELA-1-litro,,shopify,deny,manual,159.99,179.99,TRUE,TRUE,https://cdn.awsli.com.br/2500x2500/559/559239/produto/21671127/cereja-e-avel--ao2bjisdzq.png,1,Aromatizante Cereja com Avelã - imagem 1,https://cdn.awsli.com.br/2500x2500/559/559239/produto/21671127/cereja-e-avel----copia-6u1v5lvc6w.png,Aromatizante Cereja com Avelã,"Cereja e Avelã é uma fragrância gourmand irresistível, que combina doçura e sofisticação em uma experiência olfativa envolvente. Sua abertura traz a suculência vibrante da cereja, equilibrada pelo frescor do limão e a doçura delicada do morango, criando um início frutado e cativante. No coração, a cremosidade da avelã ",active
aromatizante-cereja-com-avela,,,,,,,,,500 Ml,ART-CRJ-AVELA-500-ml,,shopify,deny,manual,129.90,,TRUE,TRUE,https://cdn.awsli.com.br/2500x2500/559/559239/produto/21671127/cereja-e-avel----copia-6u1v5lvc6w.png,2,Aromatizante Cereja com Avelã - imagem 2,https://cdn.awsli.com.br/2500x2500/559/559239/produto/21671127/cereja-e-avel--ao2bjisdzq.png,,,
aromatizante-cereja-com-avela,,,,,,,,,,,,,,,,,,,https://cdn.awsli.com.br/2500x2500/559/559239/produto/21671127/f2ae940e97bd8df19983c240ffe1748b-hjy1m1ymkt.jpg,3,Aromatizante Cereja com Avelã - imagem 3,,,,
aromatizante-cereja-com-avela,,,,,,,,,,,,,,,,,,,https://cdn.awsli.com.br/2500x2500/559/559239/produto/21671127/photoroom_20231216_154429-klxmvnpok4.jpg,4,Aromatizante Cereja com Avelã - imagem 4,,,,
aromatizante-cereja-com-avela,,,,,,,,,,,,,,,,,,,https://cdn.awsli.com.br/2500x2500/559/559239/produto/21671127/9a1876455d7d04113392bebee5a01fa1-1stvcb4d07.jpg,5,Aromatizante Cereja com Avelã - imagem 5,,,,
aromatizante-cereja-com-avela,,,,,,,,,,,,,,,,,,,https://cdn.awsli.com.br/2500x2500/559/559239/produto/21671127/74fa05881850199e9d85410c5271959b-6s1x97w5m8.jpg,6,Aromatizante Cereja com Avelã - imagem 6,,,,
aromatizante-cha-branco,Aromatizante Chá Branco,"<p>Chá Branco é uma fragrância leve e sofisticada, perfeita para trazer frescor e bem-estar aos dias mais quentes. Sua abertura combina a vivacidade cítrica da lima, bergamota, lavanda e limão siciliano, criando uma sensação refrescante e revigorante. No coração, um elegante buquê de violeta, jasmim, manjericão e lírio do vale adiciona um toque floral e aromático equilibrado.</p>
<p>Por fim, a base de musk e vetiver confere profundidade e frescor terroso, proporcionando um acabamento refinado e duradouro. Uma fragrância delicada e revigorante, ideal para quem busca leveza e sofisticação.</p>",Aromart Rios,Home & Garden > Decor > Home Fragrances,Aromatizante,"aromas, Aromatizante",TRUE,Tamanho da Embalagem,1 Litro,ART-CHA-BRANCO-1-litro,,shopify,deny,manual,159.99,179.99,TRUE,TRUE,https://cdn.awsli.com.br/2500x2500/559/559239/produto/22342720/ch--branco-u8v9iry8gk.png,1,Aromatizante Chá Branco - imagem 1,https://cdn.awsli.com.br/2500x2500/559/559239/produto/22342720/ch--branco---copia-y5nrqb8e7d.png,Aromatizante Chá Branco,"Chá Branco é uma fragrância leve e sofisticada, perfeita para trazer frescor e bem-estar aos dias mais quentes. Sua abertura combina a vivacidade cítrica da lima, bergamota, lavanda e limão siciliano, criando uma sensação refrescante e revigorante. No coração, um elegante buquê de violeta, jasmim, manjericão e lírio do",active
aromatizante-cha-branco,,,,,,,,,500 Ml,ART-CHA-BRANCO-500-ml,,shopify,deny,manual,129.90,,TRUE,TRUE,https://cdn.awsli.com.br/2500x2500/559/559239/produto/22342720/ch--branco---copia-y5nrqb8e7d.png,2,Aromatizante Chá Branco - imagem 2,https://cdn.awsli.com.br/2500x2500/559/559239/produto/22342720/ch--branco-u8v9iry8gk.png,,,
aromatizante-cha-branco,,,,,,,,,,,,,,,,,,,https://cdn.awsli.com.br/2500x2500/559/559239/produto/22342720/8179efadec16e2f8e7edd8dafb494361-xoy251jjjm.jpg,3,Aromatizante Chá Branco - imagem 3,,,,
aromatizante-cha-branco,,,,,,,,,,,,,,,,,,,https://cdn.awsli.com.br/2500x2500/559/559239/produto/22342720/photoroom_20231216_154429-e0bnmob88s.jpg,4,Aromatizante Chá Branco - imagem 4,,,,
aromatizante-cha-branco,,,,,,,,,,,,,,,,,,,https://cdn.awsli.com.br/2500x2500/559/559239/produto/22342720/424e3a33b0390e044a2b66461e3f615a-m4jg1im5o4.jpg,5,Aromatizante Chá Branco - imagem 5,,,,
aromatizante-cha-branco,,,,,,,,,,,,,,,,,,,https://cdn.awsli.com.br/2500x2500/559/559239/produto/22342720/60dba5b0cffbc6b83d1ba224996d32ef-4ts1oegjzi.jpg,6,Aromatizante Chá Branco - imagem 6,,,,
aromatizante-desejo,Aromatizante Desejo,"<p>Desejo é uma fragrância sofisticada e acolhedora, ideal para criar um ambiente de relaxamento e bem-estar. Sua abertura combina a vivacidade cítrica da laranja com a suavidade aromática da lavanda, proporcionando uma sensação refrescante e equilibrada. No coração, a presença das notas de conífera e patchouli acrescenta um toque amadeirado e verde, evocando a tranquilidade da natureza.</p>
<p>Por fim, a base cremosa de musk e sândalo envolve o ambiente com um acabamento suave e elegante, tornando a experiência olfativa ainda mais envolvente e harmoniosa.</p>",Aromart Rios,Home & Garden > Decor > Home Fragrances,Aromatizante,"aromas, Aromatizante",TRUE,Tamanho da Embalagem,1 Litro,ART-DESEJO-1-litro,,shopify,deny,manual,159.99,179.99,TRUE,TRUE,https://cdn.awsli.com.br/2500x2500/559/559239/produto/21572993/desejo-fnd3ss4rx4.png,1,Aromatizante Desejo - imagem 1,https://cdn.awsli.com.br/2500x2500/559/559239/produto/21572993/desejo---copia-3nx55ph4gm.png,Aromatizante Desejo,"Desejo é uma fragrância sofisticada e acolhedora, ideal para criar um ambiente de relaxamento e bem-estar. Sua abertura combina a vivacidade cítrica da laranja com a suavidade aromática da lavanda, proporcionando uma sensação refrescante e equilibrada. No coração, a presença das notas de conífera e patchouli acrescenta",active
aromatizante-desejo,,,,,,,,,500 Ml,ART-DESEJO-500-ml,,shopify,deny,manual,129.90,,TRUE,TRUE,https://cdn.awsli.com.br/2500x2500/559/559239/produto/21572993/desejo---copia-3nx55ph4gm.png,2,Aromatizante Desejo - imagem 2,https://cdn.awsli.com.br/2500x2500/559/559239/produto/21572993/desejo-fnd3ss4rx4.png,,,
aromatizante-desejo,,,,,,,,,,,,,,,,,,,https://cdn.awsli.com.br/2500x2500/559/559239/produto/21572993/73f5d4165a0301445e3f455436211edb-5gpqg9hmpo.jpg,3,Aromatizante Desejo - imagem 3,,,,
aromatizante-desejo,,,,,,,,,,,,,,,,,,,https://cdn.awsli.com.br/2500x2500/559/559239/produto/21572993/photoroom_20231216_154429-6rqcalq8o0.jpg,4,Aromatizante Desejo - imagem 4,,,,
aromatizante-desejo,,,,,,,,,,,,,,,,,,,https://cdn.awsli.com.br/2500x2500/559/559239/produto/21572993/2b87a0757ac7a53281d0e97714a89961-z4aafkqm4y.jpg,5,Aromatizante Desejo - imagem 5,,,,
aromatizante-desejo,,,,,,,,,,,,,,,,,,,https://cdn.awsli.com.br/2500x2500/559/559239/produto/21572993/be20e1c45afd8e696d62151692eab206-dtqxt1mnr4.jpg,6,Aromatizante Desejo - imagem 6,,,,
aromatizante-emporio,Aromatizante Empório,"<p>Empório é uma fragrância revigorante e sofisticada, inspirada na leveza e frescor da brisa do mar. Sua abertura combina notas cítricas vibrantes de limão, lavanda e lima da Pérsia, criando uma sensação energizante e refrescante. No coração, a delicadeza do jasmim e do lírio se entrelaça à elegância das folhas de cedro, trazendo um equilíbrio floral e verde à composição.</p>
<p>Por fim, a base de musk, bamboo e patchouli adiciona profundidade e suavidade terrosa, resultando em um aroma envolvente e harmonioso, perfeito para quem busca frescor e sofisticação.</p>",Aromart Rios,Home & Garden > Decor > Home Fragrances,Aromatizante,"aromas, Aromatizante",TRUE,Tamanho da Embalagem,1 Litro,ART-EMPORIO-1-litro,,shopify,deny,manual,159.99,179.99,TRUE,TRUE,https://cdn.awsli.com.br/2500x2500/559/559239/produto/21675226/emp-rio-s3x8xs8c9e.png,1,Aromatizante Empório - imagem 1,https://cdn.awsli.com.br/2500x2500/559/559239/produto/21675226/emp-rio---copia-0w1g2mtoqo.png,Aromatizante Empório,"Empório é uma fragrância revigorante e sofisticada, inspirada na leveza e frescor da brisa do mar. Sua abertura combina notas cítricas vibrantes de limão, lavanda e lima da Pérsia, criando uma sensação energizante e refrescante. No coração, a delicadeza do jasmim e do lírio se entrelaça à elegância das folhas de cedro,",active
aromatizante-emporio,,,,,,,,,500 Ml,ART-EMPORIO-500-ml,,shopify,deny,manual,129.90,,TRUE,TRUE,https://cdn.awsli.com.br/2500x2500/559/559239/produto/21675226/emp-rio---copia-0w1g2mtoqo.png,2,Aromatizante Empório - imagem 2,https://cdn.awsli.com.br/2500x2500/559/559239/produto/21675226/emp-rio-s3x8xs8c9e.png,,,
aromatizante-emporio,,,,,,,,,,,,,,,,,,,https://cdn.awsli.com.br/2500x2500/559/559239/produto/21675226/c14dd80f22b55797568b7123c8c5d6dd-4x4xrf7ghx.jpg,3,Aromatizante Empório - imagem 3,,,,
aromatizante-emporio,,,,,,,,,,,,,,,,,,,https://cdn.awsli.com.br/2500x2500/559/559239/produto/21675226/photoroom_20231216_154429-4876zhjpoq.jpg,4,Aromatizante Empório - imagem 4,,,,
aromatizante-emporio,,,,,,,,,,,,,,,,,,,https://cdn.awsli.com.br/2500x2500/559/559239/produto/21675226/0ee35d2ea9b2cf4584db0c5acc261e9b-raqof5qulw.jpg,5,Aromatizante Empório - imagem 5,,,,
aromatizante-emporio,,,,,,,,,,,,,,,,,,,https://cdn.awsli.com.br/2500x2500/559/559239/produto/21675226/333d19239e89007e0997a134d5035553-jp860jmh60.jpg,6,Aromatizante Empório - imagem 6,,,,
aromatizante-garden,Aromatizante Garden,"<p>Garden é uma fragrância delicada e romântica, inspirada na beleza e suavidade das flores. Sua abertura fresca e vibrante combina notas cítricas de limão, lavanda e bergamota, proporcionando uma sensação leve e revigorante. No coração, um buquê elegante de peônia, jasmim e rosa revela um toque floral sofisticado e envolvente.</p>
<p>Finalizando a experiência, a base de âmbar, musk e sândalo adiciona profundidade e calor, criando um aroma luxuoso e inesquecível. Uma fragrância que transforma qualquer ambiente em um verdadeiro jardim encantado.</p>",Aromart Rios,Home & Garden > Decor > Home Fragrances,Aromatizante,"aromas, Aromatizante",TRUE,Tamanho da Embalagem,1 Litro,ART-GARDEN-1-litro,,shopify,deny,manual,159.99,179.99,TRUE,TRUE,https://cdn.awsli.com.br/2500x2500/559/559239/produto/21670157/garden-z19vmlgh4m.png,1,Aromatizante Garden - imagem 1,,Aromatizante Garden,"Garden é uma fragrância delicada e romântica, inspirada na beleza e suavidade das flores. Sua abertura fresca e vibrante combina notas cítricas de limão, lavanda e bergamota, proporcionando uma sensação leve e revigorante. No coração, um buquê elegante de peônia, jasmim e rosa revela um toque floral sofisticado e envol",active
aromatizante-garden,,,,,,,,,500 Ml,ART-GARDEN-500-ml,,shopify,deny,manual,129.90,,TRUE,TRUE,https://cdn.awsli.com.br/2500x2500/559/559239/produto/21670157/garden---copia-7nd0yqg55m.png,2,Aromatizante Garden - imagem 2,,,,
aromatizante-garden,,,,,,,,,,,,,,,,,,,https://cdn.awsli.com.br/2500x2500/559/559239/produto/21670157/11142ff5b6e966ff76f9842439152dfc-ux34ozfvkj.jpg,3,Aromatizante Garden - imagem 3,,,,
aromatizante-garden,,,,,,,,,,,,,,,,,,,https://cdn.awsli.com.br/2500x2500/559/559239/produto/21670157/e02ad018e45fbdb9fdd9bea0b4fc5a07-b4fxlwk38z.jpg,4,Aromatizante Garden - imagem 4,,,,
aromatizante-garden,,,,,,,,,,,,,,,,,,,https://cdn.awsli.com.br/2500x2500/559/559239/produto/21670157/7548aaaffb248e279409d16fafc10e01-ml4wg98xb0.jpg,5,Aromatizante Garden - imagem 5,,,,
aromatizante-garden,,,,,,,,,,,,,,,,,,,https://cdn.awsli.com.br/2500x2500/559/559239/produto/21670157/photoroom_20231216_154429-6ybe3vn1dl.jpg,6,Aromatizante Garden - imagem 6,,,,
aromatizante-lavanda,Aromatizante Lavanda,"<p>Lavanda é uma fragrância clássica e atemporal, conhecida por seu aroma calmante e refrescante. Sua abertura é marcada pela pureza da lavanda, que exala uma sensação imediata de tranquilidade e leveza. No corpo, notas herbais e florais se entrelaçam, criando um perfume suave e equilibrado, perfeito para momentos de relaxamento.</p>
<p>A base, com toques sutis de musk e madeiras claras, proporciona um acabamento limpo e reconfortante. Ideal para quem busca paz, bem-estar e um toque de frescor delicado no ambiente.</p>",Aromart Rios,Home & Garden > Decor > Home Fragrances,Aromatizante,"aromas, Aromatizante",TRUE,Tamanho da Embalagem,500 Ml,ART-LAVANDA-500-ml,,shopify,deny,manual,99.99,129.90,TRUE,TRUE,https://cdn.awsli.com.br/2500x2500/559/559239/produto/347641016/2f84718983677a30635ad6795b7c31d9-yxjo2zjhtn.jpg,1,Aromatizante Lavanda - imagem 1,https://cdn.awsli.com.br/2500x2500/559/559239/produto/347641016/lavanda-aw0ob4dfju.png,Aromatizante Lavanda,"Lavanda é uma fragrância clássica e atemporal, conhecida por seu aroma calmante e refrescante. Sua abertura é marcada pela pureza da lavanda, que exala uma sensação imediata de tranquilidade e leveza. No corpo, notas herbais e florais se entrelaçam, criando um perfume suave e equilibrado, perfeito para momentos de rela",active
aromatizante-lavanda,,,,,,,,,,,,,,,,,,,https://cdn.awsli.com.br/2500x2500/559/559239/produto/347641016/lavanda-aw0ob4dfju.png,2,Aromatizante Lavanda - imagem 2,,,,
aromatizante-lavanda-francesa,Aromatizante Lavanda Francesa,"<p>Lavanda Francesa é uma fragrância refinada e envolvente, que traduz a elegância dos campos perfumados da Provence. A abertura combina a lavanda mais pura com um toque sutil de anis, resultando em um frescor aromático e relaxante. No coração, notas florais e verdes revelam uma delicadeza natural, que remete ao frescor das manhãs ao ar livre.</p>
<p>A base de musk traz suavidade e aconchego, deixando um rastro leve e sofisticado no ar. Ideal para quem busca serenidade, elegância e um aroma clássico com um toque francês.</p>",Aromart Rios,Home & Garden > Decor > Home Fragrances,Aromatizante,"aromas, Aromatizante",TRUE,Tamanho da Embalagem,500 Ml,ART-LAVANDA-FRA-500-ml,,shopify,deny,manual,129.90,,TRUE,TRUE,https://cdn.awsli.com.br/2500x2500/559/559239/produto/347643481/e29769823bd232547d35d95ef62588c8-adx4l6y39z.jpg,1,Aromatizante Lavanda Francesa - imagem 1,,Aromatizante Lavanda Francesa,"Lavanda Francesa é uma fragrância refinada e envolvente, que traduz a elegância dos campos perfumados da Provence. A abertura combina a lavanda mais pura com um toque sutil de anis, resultando em um frescor aromático e relaxante. No coração, notas florais e verdes revelam uma delicadeza natural, que remete ao frescor d",active
aromatizante-lavanda-francesa,,,,,,,,,,,,,,,,,,,https://cdn.awsli.com.br/2500x2500/559/559239/produto/347643481/lavanda-francesa-cwuhesbphp.png,2,Aromatizante Lavanda Francesa - imagem 2,,,,
aromatizante-mandarim,Aromatizante Mandarim,"<p>Mandarim é uma fragrância energizante e equilibrada, ideal para o uso diário. Sua abertura cítrica, com notas de mandarina, limão e sálvia, proporciona uma sensação refrescante e revigorante. No coração, a lavanda, o alecrim e o gerânio trazem um toque aromático e herbal, criando um equilíbrio perfeito entre frescor e sofisticação. A base de musk e sândalo adiciona uma suavidade acolhedora e envolvente, finalizando a fragrância com um acabamento suave e elegante.</p>
<p>Uma opção versátil e vibrante para qualquer momento do dia.</p>",Aromart Rios,Home & Garden > Decor > Home Fragrances,Aromatizante,"aromas, Aromatizante",TRUE,Tamanho da Embalagem,1 Litro,ART-MANDARIM-1-litro,,shopify,deny,manual,129.90,159.90,TRUE,TRUE,https://cdn.awsli.com.br/2500x2500/559/559239/produto/21672679/mandarim-0tqwn4wcnt.png,1,Aromatizante Mandarim - imagem 1,https://cdn.awsli.com.br/2500x2500/559/559239/produto/21672679/mandarim---copia-xmynw0ne5w.png,Aromatizante Mandarim,"Mandarim é uma fragrância energizante e equilibrada, ideal para o uso diário. Sua abertura cítrica, com notas de mandarina, limão e sálvia, proporciona uma sensação refrescante e revigorante. No coração, a lavanda, o alecrim e o gerânio trazem um toque aromático e herbal, criando um equilíbrio perfeito entre frescor e ",active
aromatizante-mandarim,,,,,,,,,500 Ml,ART-MANDARIM-500-ml,,shopify,deny,manual,89.90,129.90,TRUE,TRUE,https://cdn.awsli.com.br/2500x2500/559/559239/produto/21672679/mandarim---copia-xmynw0ne5w.png,2,Aromatizante Mandarim - imagem 2,https://cdn.awsli.com.br/2500x2500/559/559239/produto/21672679/mandarim-0tqwn4wcnt.png,,,
aromatizante-mandarim,,,,,,,,,,,,,,,,,,,https://cdn.awsli.com.br/2500x2500/559/559239/produto/21672679/17f6a5ba02882a31455cbe0d1a1bde1f-vqohz12so4.jpg,3,Aromatizante Mandarim - imagem 3,,,,
aromatizante-mandarim,,,,,,,,,,,,,,,,,,,https://cdn.awsli.com.br/2500x2500/559/559239/produto/21672679/photoroom_20231216_154429-wuusiaacrb.jpg,4,Aromatizante Mandarim - imagem 4,,,,
aromatizante-mandarim,,,,,,,,,,,,,,,,,,,https://cdn.awsli.com.br/2500x2500/559/559239/produto/21672679/2bbd4eeb59769263ab2d15a8e3fcaca3-zp8e6u9jzs.jpg,5,Aromatizante Mandarim - imagem 5,,,,
aromatizante-mandarim,,,,,,,,,,,,,,,,,,,https://cdn.awsli.com.br/2500x2500/559/559239/produto/21672679/7a1459660142860fa9ccfe35fa797e77-8mvwo71udb.jpg,6,Aromatizante Mandarim - imagem 6,,,,
aromatizante-monet,Aromatizante Monet,"<p>Monet é uma fragrância luxuosa e cativante, perfeita para momentos especiais. Sua abertura, com tangerina sanguínea e canela, traz uma combinação quente e envolvente que desperta os sentidos. No coração, as notas de tabaco e mirra adicionam uma profundidade rica e intrigante, criando um contraste misterioso e sofisticado. A base de patchouli e fava-tonka confere um acabamento elegante e duradouro, deixando um rastro memorável e refinado.</p>
<p>Uma fragrância sedutora, ideal para quem deseja marcar presença com classe e intensidade.</p>",Aromart Rios,Home & Garden > Decor > Home Fragrances,Aromatizante,"aromas, Aromatizante",TRUE,Tamanho da Embalagem,5 Litros,ART-MONET-5-litros,,shopify,deny,manual,750.00,850.00,TRUE,TRUE,https://cdn.awsli.com.br/2500x2500/559/559239/produto/21670225/monet-wp20yunff7.png,1,Aromatizante Monet - imagem 1,,Aromatizante Monet,"Monet é uma fragrância luxuosa e cativante, perfeita para momentos especiais. Sua abertura, com tangerina sanguínea e canela, traz uma combinação quente e envolvente que desperta os sentidos. No coração, as notas de tabaco e mirra adicionam uma profundidade rica e intrigante, criando um contraste misterioso e sofistica",active
aromatizante-monet,,,,,,,,,1 Litro,ART-MONET-1-litro,,shopify,deny,manual,129.90,159.90,TRUE,TRUE,https://cdn.awsli.com.br/2500x2500/559/559239/produto/21670225/monet---copia-fs78sq4v15.png,2,Aromatizante Monet - imagem 2,https://cdn.awsli.com.br/2500x2500/559/559239/produto/21670225/monet---copia-fs78sq4v15.png,,,
aromatizante-monet,,,,,,,,,500 Ml,ART-MONET-500-ml,,shopify,deny,manual,89.90,129.90,TRUE,TRUE,https://cdn.awsli.com.br/2500x2500/559/559239/produto/21670225/d40e362c9365e28821d39000f01e96d1-khsitwdvsi.jpg,3,Aromatizante Monet - imagem 3,https://cdn.awsli.com.br/2500x2500/559/559239/produto/21670225/monet-wp20yunff7.png,,,
aromatizante-monet,,,,,,,,,,,,,,,,,,,https://cdn.awsli.com.br/2500x2500/559/559239/produto/21670225/photoroom_20231216_154429-es3c9lolhr.jpg,4,Aromatizante Monet - imagem 4,,,,
aromatizante-monet,,,,,,,,,,,,,,,,,,,https://cdn.awsli.com.br/2500x2500/559/559239/produto/21670225/7d2fd591fd01b7a4989bf491fc676f58-hgkzihb5lz.jpg,5,Aromatizante Monet - imagem 5,,,,
aromatizante-monet,,,,,,,,,,,,,,,,,,,https://cdn.awsli.com.br/2500x2500/559/559239/produto/21670225/82bb278e258bf5daaa1effef7c6f78b4-hxxkwaywqs.jpg,6,Aromatizante Monet - imagem 6,,,,
aromatizante-morango-com-champagne,Aromatizante Morango com Champagne,"<p>Morango &amp; Champanhe é uma fragrância alegre e vibrante, perfeita para momentos de celebração e festa. A fusão de notas frutadas de morango com o frescor efervescente do champanhe cria uma experiência olfativa encantadora e refrescante.</p>
<p>Toques florais delicados adicionam uma suavidade envolvente, tornando-a a escolha ideal para quem busca um aroma doce, festivo e cativante. Uma fragrância que traz a energia e a leveza de um brinde inesquecível.</p>",Aromart Rios,Home & Garden > Decor > Home Fragrances,Aromatizante,"aromas, Aromatizante",TRUE,Tamanho da Embalagem,1 Litro,ART-MOR-CHAMP-1-litro,,shopify,deny,manual,129.90,159.90,TRUE,TRUE,https://cdn.awsli.com.br/2500x2500/559/559239/produto/21670207/morango-ao72freuu1.png,1,Aromatizante Morango com Champagne - imagem 1,https://cdn.awsli.com.br/2500x2500/559/559239/produto/21670207/morango---copia-wrjlyaou18.png,Aromatizante Morango com Champagne,"Morango & Champanhe é uma fragrância alegre e vibrante, perfeita para momentos de celebração e festa. A fusão de notas frutadas de morango com o frescor efervescente do champanhe cria uma experiência olfativa encantadora e refrescante. Toques florais delicados adicionam uma suavidade envolvente, tornando-a a escolha id",active
aromatizante-morango-com-champagne,,,,,,,,,500 Ml,ART-MOR-CHAMP-500-ml,,shopify,deny,manual,79.90,99.90,TRUE,TRUE,https://cdn.awsli.com.br/2500x2500/559/559239/produto/21670207/morango---copia-wrjlyaou18.png,2,Aromatizante Morango com Champagne - imagem 2,https://cdn.awsli.com.br/2500x2500/559/559239/produto/21670207/morango-ao72freuu1.png,,,
aromatizante-morango-com-champagne,,,,,,,,,,,,,,,,,,,https://cdn.awsli.com.br/2500x2500/559/559239/produto/21670207/467e96a89106e15450a3ba499528d519-f50oskcw1b.jpg,3,Aromatizante Morango com Champagne - imagem 3,,,,
aromatizante-morango-com-champagne,,,,,,,,,,,,,,,,,,,https://cdn.awsli.com.br/2500x2500/559/559239/produto/21670207/photoroom_20231216_154429-a2opy7ci3i.jpg,4,Aromatizante Morango com Champagne - imagem 4,,,,
aromatizante-morango-com-champagne,,,,,,,,,,,,,,,,,,,https://cdn.awsli.com.br/2500x2500/559/559239/produto/21670207/6ee55dd0275ecf4e0bd77989c5dfab03-99y6mmqxj9.jpg,5,Aromatizante Morango com Champagne - imagem 5,,,,
aromatizante-morango-com-champagne,,,,,,,,,,,,,,,,,,,https://cdn.awsli.com.br/2500x2500/559/559239/produto/21670207/eef4b6530c6427bc9be50c0c944927e0-0mbp1x8bxr.jpg,6,Aromatizante Morango com Champagne - imagem 6,,,,
aromatizante-natural,Aromatizante Natural,"<p>Natural é uma fragrância delicada e envolvente, perfeita para quem valoriza a harmonia entre flores e frutas. Sua abertura traz a suavidade doce da violeta, pêssego e flor de laranjeira, criando uma sensação fresca e floral. No coração, a combinação rica de rosa, cravo, jasmim e ylang ylang revela uma intensidade floral luxuosa e cativante.</p>
<p>Por fim, a base de cedro, sândalo, baunilha e fava tonka adiciona uma profundidade cremoso e reconfortante, oferecendo um acabamento suave e acolhedor. Uma fragrância que encanta e envolve os sentidos com sua elegância natural.</p>",Aromart Rios,Home & Garden > Decor > Home Fragrances,Aromatizante,"aromas, Aromatizante",TRUE,Tamanho da Embalagem,1 Litro,ART-NATURAL-1-litro,,shopify,deny,manual,159.99,179.99,TRUE,TRUE,https://cdn.awsli.com.br/2500x2500/559/559239/produto/21672610/natural-2kwdhviow3.png,1,Aromatizante Natural - imagem 1,https://cdn.awsli.com.br/2500x2500/559/559239/produto/21672610/natural---copia-zmeknw0xrb.png,Aromatizante Natural,"Natural é uma fragrância delicada e envolvente, perfeita para quem valoriza a harmonia entre flores e frutas. Sua abertura traz a suavidade doce da violeta, pêssego e flor de laranjeira, criando uma sensação fresca e floral. No coração, a combinação rica de rosa, cravo, jasmim e ylang ylang revela uma intensidade flora",active
aromatizante-natural,,,,,,,,,500 Ml,ART-NATURAL-500-ml,,shopify,deny,manual,89.99,129.90,TRUE,TRUE,https://cdn.awsli.com.br/2500x2500/559/559239/produto/21672610/natural---copia-zmeknw0xrb.png,2,Aromatizante Natural - imagem 2,https://cdn.awsli.com.br/2500x2500/559/559239/produto/21672610/natural-2kwdhviow3.png,,,
aromatizante-natural,,,,,,,,,,,,,,,,,,,https://cdn.awsli.com.br/2500x2500/559/559239/produto/21672610/06c2abfe238470daa5dbdd8719bebc33-rg6lfuksj6.jpg,3,Aromatizante Natural - imagem 3,,,,
aromatizante-natural,,,,,,,,,,,,,,,,,,,https://cdn.awsli.com.br/2500x2500/559/559239/produto/21672610/photoroom_20231216_154429-78bp60i6sh.jpg,4,Aromatizante Natural - imagem 4,,,,
aromatizante-natural,,,,,,,,,,,,,,,,,,,https://cdn.awsli.com.br/2500x2500/559/559239/produto/21672610/6e04c4757f5edc8e84b17049564a5fa1-j7z7rsj791.jpg,5,Aromatizante Natural - imagem 5,,,,
aromatizante-natural,,,,,,,,,,,,,,,,,,,https://cdn.awsli.com.br/2500x2500/559/559239/produto/21672610/973749b3c9f2823fb174dad021669502-shl3ht4alj.jpg,6,Aromatizante Natural - imagem 6,,,,
aromatizante-noir-candle,Aromatizante Noir Candle,"<p>Noir Candle é uma fragrância envolvente e misteriosa, perfeita para criar uma atmosfera sofisticada e intimista. Sua abertura revela notas quentes e especiadas, que despertam os sentidos com intensidade e charme. No coração, acordes amadeirados e florais se equilibram com elegância, trazendo profundidade e complexidade ao perfume.</p>
<p>A base de âmbar, musk e madeiras nobres finaliza com um toque quente e sedutor, deixando um rastro marcante e acolhedor. Ideal para ambientes que pedem requinte, conforto e um toque de mistério.</p>",Aromart Rios,Home & Garden > Decor > Home Fragrances,Aromatizante,"aromas, Aromatizante",TRUE,Tamanho da Embalagem,500 Ml,ART-NOIR-CANDLE-500-ml,,shopify,deny,manual,89.90,129.90,TRUE,TRUE,https://cdn.awsli.com.br/2500x2500/559/559239/produto/347646581/df13f819f27de45801820b38fdfa21aa-jbcm3djh2v.jpg,1,Aromatizante Noir Candle - imagem 1,,Aromatizante Noir Candle,"Noir Candle é uma fragrância envolvente e misteriosa, perfeita para criar uma atmosfera sofisticada e intimista. Sua abertura revela notas quentes e especiadas, que despertam os sentidos com intensidade e charme. No coração, acordes amadeirados e florais se equilibram com elegância, trazendo profundidade e complexidade",active
aromatizante-noir-candle,,,,,,,,,,,,,,,,,,,https://cdn.awsli.com.br/2500x2500/559/559239/produto/347646581/noir-candle-ar9tasz1k0.png,2,Aromatizante Noir Candle - imagem 2,,,,
aromatizante-palo-santo,Aromatizante Palo Santo,"<p>Palo Santo é uma fragrância espiritual e reconfortante, inspirada na mística dessa madeira sagrada. Sua abertura é rica e terrosa, com notas amadeiradas que exalam uma sensação de tranquilidade e purificação. No coração, nuances aromáticas e suaves de resinas trazem uma profundidade acolhedora, criando uma atmosfera serena e meditativa.</p>
<p>A base de musk e âmbar confere um toque quente e envolvente, completando a fragrância com uma sensação duradoura de paz e equilíbrio. Ideal para quem busca introspecção, harmonia e uma conexão mais profunda com o ambiente.</p>",Aromart Rios,Home & Garden > Decor > Home Fragrances,Aromatizante,"aromas, Aromatizante",TRUE,Tamanho da Embalagem,500 Ml,ART-PALO-SANTO-500-ml,,shopify,deny,manual,129.90,,TRUE,TRUE,https://cdn.awsli.com.br/2500x2500/559/559239/produto/347650438/788ad336fe94c62518b232556a199add-ahrlshqgi3.jpg,1,Aromatizante Palo Santo - imagem 1,,Aromatizante Palo Santo,"Palo Santo é uma fragrância espiritual e reconfortante, inspirada na mística dessa madeira sagrada. Sua abertura é rica e terrosa, com notas amadeiradas que exalam uma sensação de tranquilidade e purificação. No coração, nuances aromáticas e suaves de resinas trazem uma profundidade acolhedora, criando uma atmosfera se",active
aromatizante-palo-santo,,,,,,,,,,,,,,,,,,,https://cdn.awsli.com.br/2500x2500/559/559239/produto/347650438/palo-santo-c4j1fz294f.png,2,Aromatizante Palo Santo - imagem 2,,,,
aromatizante-paris,Aromatizante Paris,"<p>Paris é uma fragrância romântica e sofisticada, inspirada na elegância atemporal da capital francesa. Sua abertura revela um buquê floral encantador com notas delicadas e femininas, que despertam os sentidos com suavidade e frescor. No coração, flores nobres como rosa e jasmim se entrelaçam em perfeita harmonia, trazendo um toque clássico e apaixonante.</p>
<p>A base aveludada de musk e madeiras finas oferece um acabamento envolvente e duradouro, que traduz charme, requinte e delicadeza. Ideal para quem deseja carregar consigo a essência do amor e da elegância de Paris.</p>",Aromart Rios,Home & Garden > Decor > Home Fragrances,Aromatizante,"aromas, Aromatizante",TRUE,Tamanho da Embalagem,500 Ml,ART-PARIS-500-ml,,shopify,deny,manual,129.90,,TRUE,TRUE,https://cdn.awsli.com.br/2500x2500/559/559239/produto/347666090/c3b760baa3923a244c3226666a178ab0-p71c30768h.jpg,1,Aromatizante Paris - imagem 1,,Aromatizante Paris,"Paris é uma fragrância romântica e sofisticada, inspirada na elegância atemporal da capital francesa. Sua abertura revela um buquê floral encantador com notas delicadas e femininas, que despertam os sentidos com suavidade e frescor. No coração, flores nobres como rosa e jasmim se entrelaçam em perfeita harmonia, trazen",active
aromatizante-paris,,,,,,,,,,,,,,,,,,,https://cdn.awsli.com.br/2500x2500/559/559239/produto/347666090/paris-32zboq3fkl.png,2,Aromatizante Paris - imagem 2,,,,
aromatizante-pink,Aromatizante Pink,"<p>Pink é uma fragrância fresca e enérgica, perfeita para o ritmo dinâmico do dia a dia. Sua abertura combina o frescor revigorante do alecrim com a vivacidade cítrica da bergamota, criando uma sensação instantânea de energia. No coração, a menta, conífera e verbena se entrelaçam, oferecendo uma complexidade aromática que desperta os sentidos. A base de musk e açúcar adiciona um toque suave e delicadamente doce, proporcionando um acabamento leve e envolvente.</p>
<p>Uma fragrância jovem e vibrante, ideal para quem busca frescor e sofisticação em cada momento.</p>",Aromart Rios,Home & Garden > Decor > Home Fragrances,Aromatizante,"aromas, Aromatizante",TRUE,Tamanho da Embalagem,1 Litro,ART-PINK-1-litro,,shopify,deny,manual,159.99,179.99,TRUE,TRUE,https://cdn.awsli.com.br/2500x2500/559/559239/produto/21503539/pink-fvold21h66.png,1,Aromatizante Pink - imagem 1,https://cdn.awsli.com.br/2500x2500/559/559239/produto/21503539/pink---copia-rtjf4if41h.png,Aromatizante Pink,"Pink é uma fragrância fresca e enérgica, perfeita para o ritmo dinâmico do dia a dia. Sua abertura combina o frescor revigorante do alecrim com a vivacidade cítrica da bergamota, criando uma sensação instantânea de energia. No coração, a menta, conífera e verbena se entrelaçam, oferecendo uma complexidade aromática que",active
aromatizante-pink,,,,,,,,,500 Ml,ART-PINK-500-ml,,shopify,deny,manual,99.99,129.90,TRUE,TRUE,https://cdn.awsli.com.br/2500x2500/559/559239/produto/21503539/pink---copia-rtjf4if41h.png,2,Aromatizante Pink - imagem 2,https://cdn.awsli.com.br/2500x2500/559/559239/produto/21503539/pink-fvold21h66.png,,,
aromatizante-pink,,,,,,,,,,,,,,,,,,,https://cdn.awsli.com.br/2500x2500/559/559239/produto/21503539/8a4b0d723dc480ae935a438013aca7d3-q3so8eqlvx.jpg,3,Aromatizante Pink - imagem 3,,,,
aromatizante-pink,,,,,,,,,,,,,,,,,,,https://cdn.awsli.com.br/2500x2500/559/559239/produto/21503539/photoroom_20231216_154429-m2gzhmv2o9.jpg,4,Aromatizante Pink - imagem 4,,,,
aromatizante-pink,,,,,,,,,,,,,,,,,,,https://cdn.awsli.com.br/2500x2500/559/559239/produto/21503539/de802c5709a3b4c7dedb6080e0955e6f-xkk3yqx2kf.jpg,5,Aromatizante Pink - imagem 5,,,,
aromatizante-pink,,,,,,,,,,,,,,,,,,,https://cdn.awsli.com.br/2500x2500/559/559239/produto/21503539/f4a2a768869e5dabb2daa066860b7fb8-oaxrvqtzcc.jpg,6,Aromatizante Pink - imagem 6,,,,
aromatizante-rj21,Aromatizante RJ21,"<p>RJ21 é uma fragrância sofisticada e contemporânea, perfeita para quem valoriza elegância e presença. A abertura combina a vivacidade da lima com a suavidade aromática da lavanda, criando um início fresco e envolvente. No coração, notas discretas se entrelaçam com harmonia, preparando o caminho para uma base luxuosa e marcante.</p>
<p>O fundo de musk, cashmere e ambergris proporciona um acabamento aveludado, quente e duradouro, elevando a experiência olfativa com um toque de exclusividade. Ideal para momentos que pedem distinção e charme.</p>",Aromart Rios,Home & Garden > Decor > Home Fragrances,Aromatizante,"aromas, Aromatizante",TRUE,Tamanho da Embalagem,500 Ml,ART-RJ21-500-ml,,shopify,deny,manual,129.90,,TRUE,TRUE,https://cdn.awsli.com.br/2500x2500/559/559239/produto/347668506/143d966e4aed66618e5716c675dbc20c-7rbjpxtq7c.jpg,1,Aromatizante RJ21 - imagem 1,,Aromatizante RJ21,"RJ21 é uma fragrância sofisticada e contemporânea, perfeita para quem valoriza elegância e presença. A abertura combina a vivacidade da lima com a suavidade aromática da lavanda, criando um início fresco e envolvente. No coração, notas discretas se entrelaçam com harmonia, preparando o caminho para uma base luxuosa e m",active
aromatizante-rj21,,,,,,,,,,,,,,,,,,,https://cdn.awsli.com.br/2500x2500/559/559239/produto/347668506/rj-t8twibfv0h.png,2,Aromatizante RJ21 - imagem 2,,,,
aromatizante-red,Aromatizante Red,"<p>Red é uma fragrância feminina e sofisticada, criada para marcar presença em ocasiões especiais. Sua abertura combina a doçura exótica da lichia, a frescura da lima, o frescor frutado do morango e a leveza do acorde de frésia, oferecendo uma experiência revigorante e delicada. No coração, as notas florais de jasmim, peônia e orquídea trazem um toque de elegância e feminilidade, envolventes e refinadas.</p>
<p>Por fim, a base de musk, madeiras nobres e âmbar confere uma profundidade quente e sensual, proporcionando um acabamento marcante e inesquecível. Uma fragrância que exala charme, sofisticação e sedução.</p>",Aromart Rios,Home & Garden > Decor > Home Fragrances,Aromatizante,"aromas, Aromatizante",TRUE,Tamanho da Embalagem,1 Litro,ART-RED-1-litro,,shopify,deny,manual,129.90,159.90,TRUE,TRUE,https://cdn.awsli.com.br/2500x2500/559/559239/produto/21672954/red-tddnlmr732.png,1,Aromatizante Red - imagem 1,https://cdn.awsli.com.br/2500x2500/559/559239/produto/21672954/red---copia-rchuhz23ca.png,Aromatizante Red,"Red é uma fragrância feminina e sofisticada, criada para marcar presença em ocasiões especiais. Sua abertura combina a doçura exótica da lichia, a frescura da lima, o frescor frutado do morango e a leveza do acorde de frésia, oferecendo uma experiência revigorante e delicada. No coração, as notas florais de jasmim, peô",active
aromatizante-red,,,,,,,,,500 Ml,ART-RED-500ml,,shopify,deny,manual,79.90,99.99,TRUE,TRUE,https://cdn.awsli.com.br/2500x2500/559/559239/produto/21672954/red---copia-rchuhz23ca.png,2,Aromatizante Red - imagem 2,https://cdn.awsli.com.br/2500x2500/559/559239/produto/21672954/red-tddnlmr732.png,,,
aromatizante-red,,,,,,,,,,,,,,,,,,,https://cdn.awsli.com.br/2500x2500/559/559239/produto/21672954/b59beb0ce50a5a637814504803426ee5-5ba5g8n1z2.jpg,3,Aromatizante Red - imagem 3,,,,
aromatizante-red,,,,,,,,,,,,,,,,,,,https://cdn.awsli.com.br/2500x2500/559/559239/produto/21672954/photoroom_20231216_154429-sh4fwddqld.jpg,4,Aromatizante Red - imagem 4,,,,
aromatizante-red,,,,,,,,,,,,,,,,,,,https://cdn.awsli.com.br/2500x2500/559/559239/produto/21672954/c881c217f7f25dcff81bdbc86116fe4d-bgqa3buqo6.jpg,5,Aromatizante Red - imagem 5,,,,
aromatizante-red,,,,,,,,,,,,,,,,,,,https://cdn.awsli.com.br/2500x2500/559/559239/produto/21672954/645fd9064487c59fdcd50c30ecbbfd80-g7iii5akjo.jpg,6,Aromatizante Red - imagem 6,,,,
aromatizante-secret,Aromatizante Secret,"<p>Secret é uma fragrância intensa e sofisticada, ideal para quem busca um aroma complexo e marcante. Sua abertura combina a frescura da lavanda e do gerânio com a suavidade intrigante de um acorde frutal, criando uma experiência olfativa refrescante e envolvente. No coração, as notas canforadas se mesclam ao calor do cravo, à cremosidade da baunilha e à suavidade do cashmeran, resultando em uma riqueza especiada e profunda.</p>
<p>A base de cedro, sândalo, madeiras nobres, cumarina e vetiver confere um acabamento amadeirado, elegante e duradouro, deixando um rastro de sofisticação e intensidade. Uma fragrância robusta, ideal para quem deseja um toque de mistério e poder.</p>",Aromart Rios,Home & Garden > Decor > Home Fragrances,Aromatizante,"aromas, Aromatizante",TRUE,Tamanho da Embalagem,1 Litro,ART-SECRET-1-litro,,shopify,deny,manual,159.99,179.99,TRUE,TRUE,https://cdn.awsli.com.br/2500x2500/559/559239/produto/21670437/secret-fah34yao9a.png,1,Aromatizante Secret - imagem 1,https://cdn.awsli.com.br/2500x2500/559/559239/produto/21670437/secret---copia-21ua0y10qv.png,Aromatizante Secret,"Secret é uma fragrância intensa e sofisticada, ideal para quem busca um aroma complexo e marcante. Sua abertura combina a frescura da lavanda e do gerânio com a suavidade intrigante de um acorde frutal, criando uma experiência olfativa refrescante e envolvente. No coração, as notas canforadas se mesclam ao calor do cra",active
aromatizante-secret,,,,,,,,,500 Ml,ART-SECRET-500-ml,,shopify,deny,manual,99.99,129.90,TRUE,TRUE,https://cdn.awsli.com.br/2500x2500/559/559239/produto/21670437/secret---copia-21ua0y10qv.png,2,Aromatizante Secret - imagem 2,https://cdn.awsli.com.br/2500x2500/559/559239/produto/21670437/secret-fah34yao9a.png,,,
aromatizante-secret,,,,,,,,,,,,,,,,,,,https://cdn.awsli.com.br/2500x2500/559/559239/produto/21670437/14dbae9f0801f7ce4b62f55abe100422-hdo57aqera.jpg,3,Aromatizante Secret - imagem 3,,,,
aromatizante-secret,,,,,,,,,,,,,,,,,,,https://cdn.awsli.com.br/2500x2500/559/559239/produto/21670437/photoroom_20231216_154429-mu6mjgl4ud.jpg,4,Aromatizante Secret - imagem 4,,,,
aromatizante-secret,,,,,,,,,,,,,,,,,,,https://cdn.awsli.com.br/2500x2500/559/559239/produto/21670437/d4e01951200d8f698c71c9b46dbc60df-tqq3k2b9sh.jpg,5,Aromatizante Secret - imagem 5,,,,
aromatizante-secret,,,,,,,,,,,,,,,,,,,https://cdn.awsli.com.br/2500x2500/559/559239/produto/21670437/703c5d0544abc3e3681bebb964f49a57-wwc9v62bdi.jpg,6,Aromatizante Secret - imagem 6,,,,
aromatizante-summer,Aromatizante Summer,"<p>Summer é uma fragrância refinada e sofisticada, ideal para o homem moderno que aprecia frescor e elegância. Sua abertura, com um acorde floral suave e a delicadeza da lavanda, cria uma sensação de leveza e frescor, evocando a brisa de um dia de verão.</p>
<p>Uma fragrância que combina suavidade e masculinidade, perfeita para quem busca autenticidade e sofisticação em cada momento.</p>",Aromart Rios,Home & Garden > Decor > Home Fragrances,Aromatizante,"aromas, Aromatizante",TRUE,Tamanho da Embalagem,1 Litro,ART-SUMMER-1-litro,,shopify,deny,manual,129.90,159.90,TRUE,TRUE,https://cdn.awsli.com.br/2500x2500/559/559239/produto/21673035/summer-kzedyskyzs.png,1,Aromatizante Summer - imagem 1,https://cdn.awsli.com.br/2500x2500/559/559239/produto/21673035/summer---copia-j0705q2c9c.png,Aromatizante Summer,"Summer é uma fragrância refinada e sofisticada, ideal para o homem moderno que aprecia frescor e elegância. Sua abertura, com um acorde floral suave e a delicadeza da lavanda, cria uma sensação de leveza e frescor, evocando a brisa de um dia de verão. Uma fragrância que combina suavidade e masculinidade, perfeita para ",active
aromatizante-summer,,,,,,,,,500 Ml,ART-SUMMER-500-ml,,shopify,deny,manual,89.99,129.90,TRUE,TRUE,https://cdn.awsli.com.br/2500x2500/559/559239/produto/21673035/summer---copia-j0705q2c9c.png,2,Aromatizante Summer - imagem 2,https://cdn.awsli.com.br/2500x2500/559/559239/produto/21673035/summer-kzedyskyzs.png,,,
aromatizante-summer,,,,,,,,,,,,,,,,,,,https://cdn.awsli.com.br/2500x2500/559/559239/produto/21673035/1e4b9b7584d32a4894a4578eadeb9033-t9zmx2kkvn.jpg,3,Aromatizante Summer - imagem 3,,,,
aromatizante-summer,,,,,,,,,,,,,,,,,,,https://cdn.awsli.com.br/2500x2500/559/559239/produto/21673035/photoroom_20231216_154429-zrhha5ht1u.jpg,4,Aromatizante Summer - imagem 4,,,,
aromatizante-summer,,,,,,,,,,,,,,,,,,,https://cdn.awsli.com.br/2500x2500/559/559239/produto/21673035/6fbb7b2158d0939830ecac259ee531cb-guhp690e76.jpg,5,Aromatizante Summer - imagem 5,,,,
aromatizante-summer,,,,,,,,,,,,,,,,,,,https://cdn.awsli.com.br/2500x2500/559/559239/produto/21673035/cae66029d82db814fcdbb03521828c4c-qfd3o7efk9.jpg,6,Aromatizante Summer - imagem 6,,,,
aromatizante-terra,Aromatizante Terra PatchoulI,"<p>Terra é uma fragrância intensa e marcante, perfeita para quem valoriza aromas profundos e terrosos. Sua abertura cítrica, com notas vibrantes de lima, laranja e pomelo, desperta os sentidos com uma frescor energizante. No coração, a combinação de cravo e lavanda traz uma rica fusão entre o especiado e o floral, criando uma complexidade envolvente.</p>
<p>A base de couro, vetiver, sândalo e patchouli adiciona uma profundidade robusta e sofisticada, conferindo à fragrância uma intensidade duradoura e refinada. Uma escolha imersiva para aqueles que buscam uma experiência olfativa única e poderosa.</p>",Aromart Rios,Home & Garden > Decor > Home Fragrances,Aromatizante,"aromas, Aromatizante",TRUE,Tamanho da Embalagem,1 Litro,ART-TERRA-1-litro,,shopify,deny,manual,159.99,179.99,TRUE,TRUE,https://cdn.awsli.com.br/2500x2500/559/559239/produto/21670280/terra-3klsa40i07.png,1,Aromatizante Terra PatchoulI - imagem 1,https://cdn.awsli.com.br/2500x2500/559/559239/produto/21670280/terra---copia-vfhlya5w6e.png,Aromatizante Terra PatchoulI,"Terra é uma fragrância intensa e marcante, perfeita para quem valoriza aromas profundos e terrosos. Sua abertura cítrica, com notas vibrantes de lima, laranja e pomelo, desperta os sentidos com uma frescor energizante. No coração, a combinação de cravo e lavanda traz uma rica fusão entre o especiado e o floral, criando",active
aromatizante-terra,,,,,,,,,500 Ml,ART-TERRA-500-ml,,shopify,deny,manual,129.90,,TRUE,TRUE,https://cdn.awsli.com.br/2500x2500/559/559239/produto/21670280/terra---copia-vfhlya5w6e.png,2,Aromatizante Terra PatchoulI - imagem 2,https://cdn.awsli.com.br/2500x2500/559/559239/produto/21670280/terra-3klsa40i07.png,,,
aromatizante-terra,,,,,,,,,,,,,,,,,,,https://cdn.awsli.com.br/2500x2500/559/559239/produto/21670280/49e4107bf4ebc9c4b74d1bed817236a6-jgf17r3j4v.jpg,3,Aromatizante Terra PatchoulI - imagem 3,,,,
aromatizante-terra,,,,,,,,,,,,,,,,,,,https://cdn.awsli.com.br/2500x2500/559/559239/produto/21670280/ca89bb4c5d1c23b783f3a0bcee1fc0b1-nurvazgog2.jpg,4,Aromatizante Terra PatchoulI - imagem 4,,,,
aromatizante-terra,,,,,,,,,,,,,,,,,,,https://cdn.awsli.com.br/2500x2500/559/559239/produto/21670280/photoroom_20231216_154429-35zo61p1ah.jpg,5,Aromatizante Terra PatchoulI - imagem 5,,,,
aromatizante-vibe,Aromatizante Vibe,"<p>Vibe é uma fragrância vibrante e cheia de energia, ideal para quem vive intensamente cada momento. A saída combina o frescor do limão com o toque suculento da maçã verde, criando uma abertura leve e revigorante. No coração, o bambu e o jasmim trazem uma sensação verde e floral, equilibrando frescor e delicadeza.</p>
<p>A base de musk e cedro encerra com elegância, oferecendo um acabamento limpo, moderno e marcante. Perfeita para acompanhar sua rotina com leveza e atitude.</p>",Aromart Rios,Home & Garden > Decor > Home Fragrances,Aromatizante,"aromas, Aromatizante",TRUE,Tamanho da Embalagem,500 Ml,ART-VIBE-500-ml,,shopify,deny,manual,129.90,,TRUE,TRUE,https://cdn.awsli.com.br/2500x2500/559/559239/produto/347669947/4978b2f766b96244db1a3024033d7ddf-xm2mss7hbm.jpg,1,Aromatizante Vibe - imagem 1,,Aromatizante Vibe,"Vibe é uma fragrância vibrante e cheia de energia, ideal para quem vive intensamente cada momento. A saída combina o frescor do limão com o toque suculento da maçã verde, criando uma abertura leve e revigorante. No coração, o bambu e o jasmim trazem uma sensação verde e floral, equilibrando frescor e delicadeza. A base",active
aromatizante-vibe,,,,,,,,,,,,,,,,,,,https://cdn.awsli.com.br/2500x2500/559/559239/produto/347669947/vibe-7obt4sdffq.png,2,Aromatizante Vibe - imagem 2,,,,
aromatizante-vibe,,,,,,,,,,,,,,,,,,,https://cdn.awsli.com.br/2500x2500/559/559239/produto/347669947/photoroom_20231216_154429-35zo61p1ah-1d8u2mrfs7.jpg,3,Aromatizante Vibe - imagem 3,,,,
aromatizante-wood,Aromatizante Wood,"<p>Wood é uma fragrância sofisticada e imponente, ideal para ambientes elegantes e de classe. Sua abertura cítrica de limão e lavanda oferece um frescor envolvente e acolhedor, convidando os sentidos a uma experiência única. No coração, as notas amadeiradas de cedro, combinadas com a suavidade do jasmim e a profundidade do patchouli, criam uma riqueza floral e terrosa que adiciona complexidade à composição.</p>
<p>A base de musk e ambergris confere um acabamento suave, refinado e duradouro, deixando um rastro sofisticado que permanece por mais tempo. Uma fragrância robusta e elegante, ideal para quem busca um toque de refinamento em cada detalhe.</p>",Aromart Rios,Home & Garden > Decor > Home Fragrances,Aromatizante,"aromas, Aromatizante",TRUE,Tamanho da Embalagem,1 Litro,ART-WOOD-1-litro,,shopify,deny,manual,159.99,179.99,TRUE,TRUE,https://cdn.awsli.com.br/2500x2500/559/559239/produto/22342522/wood-g9o1m1vppj.png,1,Aromatizante Wood - imagem 1,https://cdn.awsli.com.br/2500x2500/559/559239/produto/22342522/wood---copia-lhzrdb3olh.png,Aromatizante Wood,"Wood é uma fragrância sofisticada e imponente, ideal para ambientes elegantes e de classe. Sua abertura cítrica de limão e lavanda oferece um frescor envolvente e acolhedor, convidando os sentidos a uma experiência única. No coração, as notas amadeiradas de cedro, combinadas com a suavidade do jasmim e a profundidade d",active
aromatizante-wood,,,,,,,,,5 Litros,ART-WOOD-5-litros,,shopify,deny,manual,750.00,,TRUE,TRUE,https://cdn.awsli.com.br/2500x2500/559/559239/produto/22342522/wood---copia-lhzrdb3olh.png,2,Aromatizante Wood - imagem 2,,,,
aromatizante-wood,,,,,,,,,500 Ml,ART-WOOD-500-ml,,shopify,deny,manual,129.90,,TRUE,TRUE,https://cdn.awsli.com.br/2500x2500/559/559239/produto/22342522/5cc944424c9834f39a36133dffe24c68-t2gxc31lej.jpg,3,Aromatizante Wood - imagem 3,https://cdn.awsli.com.br/2500x2500/559/559239/produto/22342522/wood-g9o1m1vppj.png,,,
aromatizante-wood,,,,,,,,,,,,,,,,,,,https://cdn.awsli.com.br/2500x2500/559/559239/produto/22342522/photoroom_20231216_154429-2ns6eoha47.jpg,4,Aromatizante Wood - imagem 4,,,,
aromatizante-wood,,,,,,,,,,,,,,,,,,,https://cdn.awsli.com.br/2500x2500/559/559239/produto/22342522/a44adbe9bd895a856e171e6a7ffb4995-2dj0m9b681.jpg,5,Aromatizante Wood - imagem 5,,,,
aromatizante-wood,,,,,,,,,,,,,,,,,,,https://cdn.awsli.com.br/2500x2500/559/559239/produto/22342522/dab4ca48bba7efe62cc2b4bfe42a7f5e-cythrcjaf0.jpg,6,Aromatizante Wood - imagem 6,,,,
difusor-alecrim,Difusor Alecrim 250ml,"<p><strong>Difusor de Varetas Aromarts — Aroma e sofisticação em cada detalhe.</strong></p>
<p>O Difusor de Varetas Aromarts oferece uma aromatização contínua e sofisticada para o seu ambiente. Desenvolvido com fragrâncias de alta qualidade e varetas de fibra no modelo europeu, proporciona uma difusão eficiente e uniforme, ao mesmo tempo em que agrega um toque de elegância à decoração.</p>
<p>Ideal para salas, escritórios, banheiros e lavabos, transforma qualquer espaço com uma presença olfativa marcante e acolhedora.</p>
<p><strong>Sobre a fragrância:</strong><br/>
<strong>Alecrim</strong> é uma fragrância revitalizante e natural, perfeita para quem aprecia a pureza e o frescor das ervas aromáticas.<br/>
Sua abertura vibrante combina notas frescas e cítricas de <strong>lavanda, alecrim, laranja e limão</strong>, proporcionando uma sensação imediata de energia e bem-estar.<br/>
No coração, um delicado equilíbrio entre <strong>flores brancas, litsea cubeba e petit grain</strong> adiciona uma suavidade floral refinada.<br/>
Por fim, a base se revela com <strong>madeiras nobres, musk, pau-rosa e cedro</strong>, conferindo profundidade, calor e um toque sofisticado e envolvente.<br/>
Uma composição harmoniosa que perfuma e transforma qualquer ambiente com elegância e frescor.</p>
<p><strong>Modo de uso:</strong><br/>
• Remova a tampa do frasco e insira as 6 varetas de fibra para iniciar a difusão.<br/>
• Para intensificar a fragrância, recomenda-se virar as varetas diariamente.<br/>
• Em ambientes menores, a inversão pode ser feita uma vez por semana.</p>
<p>A durabilidade do aroma pode variar conforme a temperatura e ventilação do ambiente, garantindo uma evaporação equilibrada e prolongada.</p>
<p><strong>Conteúdo da embalagem:</strong><br/>
• 1 Frasco de Difusor com 250ml de fragrância concentrada<br/>
• 6 Varetas de fibra no modelo europeu</p>
<p>Duração média de até <strong>90 dias</strong>, podendo se estender conforme o modo de uso.</p>
<p><strong>Aromarts: o equilíbrio perfeito entre fragrância, bem-estar e sofisticação.</strong></p>",Aromart Rios,Home & Garden > Decor > Home Fragrances,Difusor de Varetas,"difusores, Difusor de Varetas",TRUE,Title,Default Title,DIF-ALECRIM,,shopify,deny,manual,79.90,129.90,TRUE,TRUE,https://cdn.awsli.com.br/2500x2500/559/559239/produto/326225933/aroma-sess-o1--24--k5e7y4c9en.jpg,1,Difusor Alecrim 250ml - imagem 1,,Difusor Alecrim 250ml,"Difusor de Varetas Aromarts — Aroma e sofisticação em cada detalhe. O Difusor de Varetas Aromarts oferece uma aromatização contínua e sofisticada para o seu ambiente. Desenvolvido com fragrâncias de alta qualidade e varetas de fibra no modelo europeu, proporciona uma difusão eficiente e uniforme, ao mesmo tempo em que ",active
difusor-alecrim,,,,,,,,,,,,,,,,,,,https://cdn.awsli.com.br/2500x2500/559/559239/produto/326225933/aromas-sess-o2--12--f0cp2bfd1n.jpg,2,Difusor Alecrim 250ml - imagem 2,,,,
difusor-alecrim,,,,,,,,,,,,,,,,,,,https://cdn.awsli.com.br/2500x2500/559/559239/produto/326225933/a43df93eb0ef1ba4ba00e5f984726dc4-2rcn8vfqgy.jpg,3,Difusor Alecrim 250ml - imagem 3,,,,
difusor-alecrim,,,,,,,,,,,,,,,,,,,https://cdn.awsli.com.br/2500x2500/559/559239/produto/326225933/aroma-sess-o1--20--ql7lgqlucj.jpg,4,Difusor Alecrim 250ml - imagem 4,,,,
difusor-alecrim,,,,,,,,,,,,,,,,,,,https://cdn.awsli.com.br/2500x2500/559/559239/produto/326225933/81994c1c768b7f923a50dfe60488b286-2z2wseb22s.jpg,5,Difusor Alecrim 250ml - imagem 5,,,,
difusor-alecrim,,,,,,,,,,,,,,,,,,,https://cdn.awsli.com.br/2500x2500/559/559239/produto/326225933/aroma-sess-o1--19--cd08szrhp6.jpg,6,Difusor Alecrim 250ml - imagem 6,,,,
difusor-alecrim,,,,,,,,,,,,,,,,,,,https://cdn.awsli.com.br/2500x2500/559/559239/produto/326225933/bc5859b7a6dbd5ee16409a18b1a8a387-9spzbum64q.jpg,7,Difusor Alecrim 250ml - imagem 7,,,,
difusor-bamboo-250ml,Difusor Bamboo - 250ml,"<p><strong>Difusor de Varetas Aromarts — Aroma e sofisticação em cada detalhe.</strong></p>
<p>O Difusor de Varetas Aromarts oferece uma aromatização contínua e sofisticada para o seu ambiente. Desenvolvido com fragrâncias de alta qualidade e varetas de fibra no modelo europeu, proporciona uma difusão eficiente e uniforme, ao mesmo tempo em que agrega um toque de elegância à decoração.</p>
<p>Ideal para salas, escritórios, banheiros e lavabos, transforma qualquer espaço com uma presença olfativa marcante e acolhedora.</p>
<p><strong>Sobre a fragrância:</strong><br/>
<strong>Bamboo</strong> é uma fragrância delicada e harmoniosa, ideal para criar uma atmosfera de serenidade e bem-estar. Sua abertura combina o frescor verde do <strong>bamboo</strong> com a vivacidade cítrica da <strong>bergamota</strong>, trazendo uma sensação revigorante e leve.<br/>
No coração, a sofisticação do <strong>jacinto</strong> e a suavidade do <strong>jasmim</strong> se entrelaçam em um buquê floral equilibrado e elegante.<br/>
Por fim, a base de <strong>musk</strong> e <strong>madeira aveludada</strong> envolve o ambiente com um toque suave e acolhedor, garantindo um aroma refinado e reconfortante.</p>
<p><strong>Modo de uso:</strong><br/>
• Remova a tampa do frasco e insira as 6 varetas de fibra para iniciar a difusão.<br/>
• Para intensificar a fragrância, recomenda-se virar as varetas diariamente.<br/>
• Em ambientes menores, a inversão pode ser feita uma vez por semana.</p>
<p>A durabilidade do aroma pode variar conforme a temperatura e ventilação do ambiente, garantindo uma evaporação equilibrada e prolongada.</p>
<p><strong>Conteúdo da embalagem:</strong><br/>
• 1 Frasco de Difusor com 250ml de fragrância concentrada<br/>
• 6 Varetas de fibra no modelo europeu</p>
<p>Duração média de até <strong>90 dias</strong>, podendo se estender conforme o modo de uso.</p>
<p><strong>Aromarts: o equilíbrio perfeito entre fragrância, bem-estar e sofisticação.</strong></p>",Aromart Rios,Home & Garden > Decor > Home Fragrances,Difusor de Varetas,"difusores, Difusor de Varetas",TRUE,Title,Default Title,DIF-BAMBOO,,shopify,deny,manual,99.99,129.90,TRUE,TRUE,https://cdn.awsli.com.br/2500x2500/559/559239/produto/347677179/aroma-sess-o1--23--p8z3kvzui2.jpg,1,Difusor Bamboo - 250ml - imagem 1,,Difusor Bamboo - 250ml,"Difusor de Varetas Aromarts — Aroma e sofisticação em cada detalhe. O Difusor de Varetas Aromarts oferece uma aromatização contínua e sofisticada para o seu ambiente. Desenvolvido com fragrâncias de alta qualidade e varetas de fibra no modelo europeu, proporciona uma difusão eficiente e uniforme, ao mesmo tempo em que ",active
difusor-bamboo-250ml,,,,,,,,,,,,,,,,,,,https://cdn.awsli.com.br/2500x2500/559/559239/produto/347677179/aromas-sess-o2--16--vfpyxguny1.jpg,2,Difusor Bamboo - 250ml - imagem 2,,,,
difusor-bamboo-250ml,,,,,,,,,,,,,,,,,,,https://cdn.awsli.com.br/2500x2500/559/559239/produto/347677179/62d18946986c238e9e12555c1377c660-lq044fr9l2.jpg,3,Difusor Bamboo - 250ml - imagem 3,,,,
difusor-bamboo-250ml,,,,,,,,,,,,,,,,,,,https://cdn.awsli.com.br/2500x2500/559/559239/produto/347677179/aroma-sess-o1--21--o63g63ub6j.jpg,4,Difusor Bamboo - 250ml - imagem 4,,,,
difusor-bamboo-250ml,,,,,,,,,,,,,,,,,,,https://cdn.awsli.com.br/2500x2500/559/559239/produto/347677179/316ffaa3fe8d5dcdab5894b6d8cba1d6-6bofbh76k1.jpg,5,Difusor Bamboo - 250ml - imagem 5,,,,
difusor-bamboo-250ml,,,,,,,,,,,,,,,,,,,https://cdn.awsli.com.br/2500x2500/559/559239/produto/347677179/aroma-sess-o1--18--79xk45vgfv.jpg,6,Difusor Bamboo - 250ml - imagem 6,,,,
difusor-bamboo-250ml,,,,,,,,,,,,,,,,,,,https://cdn.awsli.com.br/2500x2500/559/559239/produto/347677179/4db936666aaefc268e1fe8f9d681f193-6evmxskq0u.jpg,7,Difusor Bamboo - 250ml - imagem 7,,,,
difusor-cha-branco,Difusor Chá Branco 250ml,"<p>Chá Branco é uma fragrância leve e sofisticada, perfeita para trazer frescor e bem-estar aos dias mais quentes. Sua abertura combina a vivacidade cítrica da lima, bergamota, lavanda e limão siciliano, criando uma sensação refrescante e revigorante. No coração, um elegante buquê de violeta, jasmim, manjericão e lírio do vale adiciona um toque floral e aromático equilibrado.</p>
<p>Por fim, a base de musk e vetiver confere profundidade e frescor terroso, proporcionando um acabamento refinado e duradouro. Uma fragrância delicada e revigorante, ideal para quem busca leveza e sofisticação.</p>",Aromart Rios,Home & Garden > Decor > Home Fragrances,Difusor de Varetas,"difusores, Difusor de Varetas",TRUE,Title,Default Title,DIF-CHA-BRANCO,,shopify,deny,manual,89.90,129.90,TRUE,TRUE,https://cdn.awsli.com.br/2500x2500/559/559239/produto/326225039/aroma-sess-o1--15--88edesczw3.jpg,1,Difusor Chá Branco 250ml - imagem 1,,Difusor Chá Branco 250ml,"Chá Branco é uma fragrância leve e sofisticada, perfeita para trazer frescor e bem-estar aos dias mais quentes. Sua abertura combina a vivacidade cítrica da lima, bergamota, lavanda e limão siciliano, criando uma sensação refrescante e revigorante. No coração, um elegante buquê de violeta, jasmim, manjericão e lírio do",active
difusor-cha-branco,,,,,,,,,,,,,,,,,,,https://cdn.awsli.com.br/2500x2500/559/559239/produto/326225039/aromas-sess-o2--15--akk8g249g3.jpg,2,Difusor Chá Branco 250ml - imagem 2,,,,
difusor-cha-branco,,,,,,,,,,,,,,,,,,,https://cdn.awsli.com.br/2500x2500/559/559239/produto/326225039/a6472233c33e045f15813886924a0534-ncww9cdd2h.jpg,3,Difusor Chá Branco 250ml - imagem 3,,,,
difusor-cha-branco,,,,,,,,,,,,,,,,,,,https://cdn.awsli.com.br/2500x2500/559/559239/produto/326225039/aroma-sess-o1--22--be9yuezzz9.jpg,4,Difusor Chá Branco 250ml - imagem 4,,,,
difusor-cha-branco,,,,,,,,,,,,,,,,,,,https://cdn.awsli.com.br/2500x2500/559/559239/produto/326225039/fc6a97f3329bc8979fe249b5dc98dce0-c5785ci55g.jpg,5,Difusor Chá Branco 250ml - imagem 5,,,,
difusor-cha-branco,,,,,,,,,,,,,,,,,,,https://cdn.awsli.com.br/2500x2500/559/559239/produto/326225039/aroma-sess-o1--17--mtfk6obxxk.jpg,6,Difusor Chá Branco 250ml - imagem 6,,,,
difusor-cha-branco,,,,,,,,,,,,,,,,,,,https://cdn.awsli.com.br/2500x2500/559/559239/produto/326225039/556f060644faebf9c82fc9fa9ef6c3e6-wbg6v1982v.jpg,7,Difusor Chá Branco 250ml - imagem 7,,,,
difusor-emporio,Difusor Empório 250ml,"<p><strong>Difusor de Varetas Aromarts — Aroma e sofisticação em cada detalhe.</strong></p>
<p>O Difusor de Varetas Aromarts oferece uma aromatização contínua e sofisticada para o seu ambiente. Desenvolvido com fragrâncias de alta qualidade e varetas de fibra no modelo europeu, proporciona uma difusão eficiente e uniforme, ao mesmo tempo em que agrega um toque de elegância à decoração.</p>
<p>Ideal para salas, escritórios, banheiros e lavabos, transforma qualquer espaço com uma presença olfativa marcante e acolhedora.</p>
<p><strong>Sobre a fragrância:</strong><br/>
<strong>Empório</strong> é uma fragrância rica e envolvente, criada para quem aprecia um aroma clássico e sofisticado.<br/>
Sua abertura traz um toque fresco e energético de <strong>bergamota</strong> e <strong>laranja</strong>, misturados com a suavidade do <strong>vetiver</strong> e um leve toque herbáceo, criando uma sensação revigorante e refinada.<br/>
No coração, a composição de <strong>jasmim</strong>, <strong>muguet</strong> e <strong>gerânio</strong> confere um toque floral delicado, enquanto a base de <strong>cedro</strong>, <strong>sândalo</strong> e <strong>âmbar</strong> adiciona um fundo amadeirado e quente, criando um rastro de sofisticação e elegância.</p>
<p><strong>Modo de uso:</strong><br/>
• Remova a tampa do frasco e insira as 6 varetas de fibra para iniciar a difusão.<br/>
• Para intensificar a fragrância, recomenda-se virar as varetas diariamente.<br/>
• Em ambientes menores, a inversão pode ser feita uma vez por semana.</p>
<p>A durabilidade do aroma pode variar conforme a temperatura e ventilação do ambiente, garantindo uma evaporação equilibrada e prolongada.</p>
<p><strong>Conteúdo da embalagem:</strong><br/>
• 1 Frasco de Difusor com 250ml de fragrância concentrada<br/>
• 6 Varetas de fibra no modelo europeu</p>
<p>Duração média de até <strong>90 dias</strong>, podendo se estender conforme o modo de uso.</p>
<p><strong>Aromarts: o equilíbrio perfeito entre fragrância, bem-estar e sofisticação.</strong></p>",Aromart Rios,Home & Garden > Decor > Home Fragrances,Difusor de Varetas,"difusores, Difusor de Varetas",TRUE,Title,Default Title,DIF-EMPORIO,,shopify,deny,manual,129.90,,TRUE,TRUE,https://cdn.awsli.com.br/2500x2500/559/559239/produto/326224320/aroma-sess-o1--24--ckg08peua7.jpg,1,Difusor Empório 250ml - imagem 1,,Difusor Empório 250ml,"Difusor de Varetas Aromarts — Aroma e sofisticação em cada detalhe. O Difusor de Varetas Aromarts oferece uma aromatização contínua e sofisticada para o seu ambiente. Desenvolvido com fragrâncias de alta qualidade e varetas de fibra no modelo europeu, proporciona uma difusão eficiente e uniforme, ao mesmo tempo em que ",active
difusor-emporio,,,,,,,,,,,,,,,,,,,https://cdn.awsli.com.br/2500x2500/559/559239/produto/326224320/aromas-sess-o2--12--ed9twga2jw.jpg,2,Difusor Empório 250ml - imagem 2,,,,
difusor-emporio,,,,,,,,,,,,,,,,,,,https://cdn.awsli.com.br/2500x2500/559/559239/produto/326224320/aroma-sess-o1--20--j2aij2hlsk.jpg,3,Difusor Empório 250ml - imagem 3,,,,
difusor-emporio,,,,,,,,,,,,,,,,,,,https://cdn.awsli.com.br/2500x2500/559/559239/produto/326224320/aroma-sess-o1--19--qk76ivbojn.jpg,4,Difusor Empório 250ml - imagem 4,,,,
difusor-garden,Difusor Garden 250ml,"<p><strong>Difusor de Varetas Aromarts — Aroma e sofisticação em cada detalhe.</strong></p>
<p>O Difusor de Varetas Aromarts oferece uma aromatização contínua e sofisticada para o seu ambiente. Desenvolvido com fragrâncias de alta qualidade e varetas de fibra no modelo europeu, proporciona uma difusão eficiente e uniforme, ao mesmo tempo em que agrega um toque de elegância à decoração.</p>
<p>Ideal para salas, escritórios, banheiros e lavabos, transforma qualquer espaço com uma presença olfativa marcante e acolhedora.</p>
<p><strong>Sobre a fragrância:</strong><br/><strong>Garden</strong> é uma fragrância fresca e floral, perfeita para quem deseja trazer leveza e harmonia ao ambiente.<br/>Sua abertura combina o toque verde das folhas frescas com a suavidade da lavanda, criando uma sensação de frescor natural e revigorante.<br/>No coração, um buquê elegante de <strong>rosas</strong>, <strong>muguet</strong> e <strong>jasmim</strong> transmite a delicadeza dos jardins floridos. Finalizando, a base de <strong>musk branco</strong> e <strong>madeiras suaves</strong> envolve o espaço com um aroma limpo, leve e acolhedor. Uma fragrância versátil e encantadora, que transforma qualquer ambiente em um refúgio de tranquilidade.</p>
<p><strong>Modo de uso:</strong><br/>• Remova a tampa do frasco e insira as 6 varetas de fibra para iniciar a difusão.<br/>• Para intensificar a fragrância, recomenda-se virar as varetas diariamente.<br/>• Em ambientes menores, a inversão pode ser feita uma vez por semana.</p>
<p>A durabilidade do aroma pode variar conforme a temperatura e ventilação do ambiente, garantindo uma evaporação equilibrada e prolongada.</p>
<p><strong>Conteúdo da embalagem:</strong><br/>• 1 Frasco de Difusor com 250ml de fragrância concentrada<br/>• 6 Varetas de fibra no modelo europeu</p>
<p>Duração média de até <strong>90 dias</strong>, podendo se estender conforme o modo de uso.</p>
<p><strong>Aromarts: o equilíbrio perfeito entre fragrância, bem-estar e sofisticação.</strong></p>",Aromart Rios,Home & Garden > Decor > Home Fragrances,Difusor de Varetas,"difusores, Difusor de Varetas",TRUE,Title,Default Title,DIF-GARDEN,,shopify,deny,manual,129.90,,TRUE,TRUE,https://cdn.awsli.com.br/2500x2500/559/559239/produto/326226105/aroma-sess-o1--24--z2r9mmf8nw.jpg,1,Difusor Garden 250ml - imagem 1,,Difusor Garden 250ml,"Difusor de Varetas Aromarts — Aroma e sofisticação em cada detalhe. O Difusor de Varetas Aromarts oferece uma aromatização contínua e sofisticada para o seu ambiente. Desenvolvido com fragrâncias de alta qualidade e varetas de fibra no modelo europeu, proporciona uma difusão eficiente e uniforme, ao mesmo tempo em que ",active
difusor-garden,,,,,,,,,,,,,,,,,,,https://cdn.awsli.com.br/2500x2500/559/559239/produto/326226105/aromas-sess-o2--12--gfkifbtn4r.jpg,2,Difusor Garden 250ml - imagem 2,,,,
difusor-garden,,,,,,,,,,,,,,,,,,,https://cdn.awsli.com.br/2500x2500/559/559239/produto/326226105/e78ef94e48f489bb4097ec971ffa5c14-8o0by5c8cz.jpg,3,Difusor Garden 250ml - imagem 3,,,,
difusor-garden,,,,,,,,,,,,,,,,,,,https://cdn.awsli.com.br/2500x2500/559/559239/produto/326226105/aroma-sess-o1--20--esb5ld0k7n.jpg,4,Difusor Garden 250ml - imagem 4,,,,
difusor-garden,,,,,,,,,,,,,,,,,,,https://cdn.awsli.com.br/2500x2500/559/559239/produto/326226105/05be8ece6d02d01eb18b90f4879ae191-fpvpp35f5p.jpg,5,Difusor Garden 250ml - imagem 5,,,,
difusor-garden,,,,,,,,,,,,,,,,,,,https://cdn.awsli.com.br/2500x2500/559/559239/produto/326226105/aroma-sess-o1--19--e844nd4kxh.jpg,6,Difusor Garden 250ml - imagem 6,,,,
difusor-garden,,,,,,,,,,,,,,,,,,,https://cdn.awsli.com.br/2500x2500/559/559239/produto/326226105/2b03a5d0c3f102a96c2db4ebb471e495-xntqdi0dmi.jpg,7,Difusor Garden 250ml - imagem 7,,,,
difusor-lavanda-francesa,Difusor Lavanda Francesa 250ml,"<p><strong>Difusor de Varetas Aromarts — Aroma e sofisticação em cada detalhe.</strong></p>
<p>O Difusor de Varetas Aromarts oferece uma aromatização contínua e sofisticada para o seu ambiente. Desenvolvido com fragrâncias de alta qualidade e varetas de fibra no modelo europeu, proporciona uma difusão eficiente e uniforme, ao mesmo tempo em que agrega um toque de elegância à decoração.</p>
<p>Ideal para salas, escritórios, banheiros e lavabos, transforma qualquer espaço com uma presença olfativa marcante e acolhedora.</p>
<p><strong>Sobre a fragrância:</strong><br/>
<strong>Lavanda Francesa</strong> é uma fragrância clássica, calmante e refinada, inspirada nos campos floridos do sul da França.<br/>
Sua abertura traz o frescor aromático da <strong>lavanda pura</strong>, combinada com toques sutis de <strong>bergamota</strong> e <strong>eucalipto</strong>, promovendo uma sensação imediata de relaxamento e leveza.<br/>
No coração, notas de <strong>rosa branca</strong> e <strong>camomila</strong> enriquecem a composição com suavidade floral. Para finalizar, a base de <strong>musk</strong>, <strong>cedro</strong> e <strong>âmbar claro</strong> envolve o ambiente com um aroma limpo, acolhedor e duradouro. Uma fragrância perfeita para quem busca serenidade e elegância no dia a dia.</p>
<p><strong>Modo de uso:</strong><br/>
• Remova a tampa do frasco e insira as 6 varetas de fibra para iniciar a difusão.<br/>
• Para intensificar a fragrância, recomenda-se virar as varetas diariamente.<br/>
• Em ambientes menores, a inversão pode ser feita uma vez por semana.</p>
<p>A durabilidade do aroma pode variar conforme a temperatura e ventilação do ambiente, garantindo uma evaporação equilibrada e prolongada.</p>
<p><strong>Conteúdo da embalagem:</strong><br/>
• 1 Frasco de Difusor com 250ml de fragrância concentrada<br/>
• 6 Varetas de fibra no modelo europeu</p>
<p>Duração média de até <strong>90 dias</strong>, podendo se estender conforme o modo de uso.</p>
<p><strong>Aromarts: o equilíbrio perfeito entre fragrância, bem-estar e sofisticação.</strong></p>",Aromart Rios,Home & Garden > Decor > Home Fragrances,Difusor de Varetas,"difusores, Difusor de Varetas",TRUE,Title,Default Title,DIF-LAV-FRANCESA,,shopify,deny,manual,129.90,,TRUE,TRUE,https://cdn.awsli.com.br/2500x2500/559/559239/produto/326226011/aroma-sess-o1--23--fhjsr6qapg.jpg,1,Difusor Lavanda Francesa 250ml - imagem 1,,Difusor Lavanda Francesa 250ml,"Difusor de Varetas Aromarts — Aroma e sofisticação em cada detalhe. O Difusor de Varetas Aromarts oferece uma aromatização contínua e sofisticada para o seu ambiente. Desenvolvido com fragrâncias de alta qualidade e varetas de fibra no modelo europeu, proporciona uma difusão eficiente e uniforme, ao mesmo tempo em que ",active
difusor-lavanda-francesa,,,,,,,,,,,,,,,,,,,https://cdn.awsli.com.br/2500x2500/559/559239/produto/326226011/aromas-sess-o2--16--sbudl1v9aa.jpg,2,Difusor Lavanda Francesa 250ml - imagem 2,,,,
difusor-lavanda-francesa,,,,,,,,,,,,,,,,,,,https://cdn.awsli.com.br/2500x2500/559/559239/produto/326226011/aroma-sess-o1--21--qae433pbna.jpg,3,Difusor Lavanda Francesa 250ml - imagem 3,,,,
difusor-lavanda-francesa,,,,,,,,,,,,,,,,,,,https://cdn.awsli.com.br/2500x2500/559/559239/produto/326226011/aroma-sess-o1--18--sot36ypx6q.jpg,4,Difusor Lavanda Francesa 250ml - imagem 4,,,,
difusor-noir-candle-250ml,Difusor Noir Candle 250ml,"<p><strong>Difusor de Varetas Aromarts — Aroma e sofisticação em cada detalhe.</strong></p>
<p>O Difusor de Varetas Aromarts oferece uma aromatização contínua e sofisticada para o seu ambiente. Desenvolvido com fragrâncias de alta qualidade e varetas de fibra no modelo europeu, proporciona uma difusão eficiente e uniforme, ao mesmo tempo em que agrega um toque de elegância à decoração.</p>
<p>Ideal para salas, escritórios, banheiros e lavabos, transforma qualquer espaço com uma presença olfativa marcante e acolhedora.</p>
<p><strong>Sobre a fragrância:</strong><br/><strong>Noir Candle</strong> é uma fragrância envolvente e misteriosa, perfeita para criar uma atmosfera sofisticada e intimista. Sua abertura revela <strong>notas quentes e especiadas</strong>, que despertam os sentidos com intensidade e charme.<br/>No coração, <strong>acordes amadeirados e florais</strong> se equilibram com elegância, trazendo profundidade e complexidade ao perfume.<br/>A base de <strong>âmbar</strong>, <strong>musk</strong> e <strong>madeiras nobres</strong> finaliza com um toque quente e sedutor, deixando um rastro marcante e acolhedor.<br/>Ideal para ambientes que pedem requinte, conforto e um toque de mistério.</p>
<p><strong>Modo de uso:</strong><br/>• Remova a tampa do frasco e insira as 6 varetas de fibra para iniciar a difusão.<br/>• Para intensificar a fragrância, recomenda-se virar as varetas diariamente.<br/>• Em ambientes menores, a inversão pode ser feita uma vez por semana.</p>
<p>A durabilidade do aroma pode variar conforme a temperatura e ventilação do ambiente, garantindo uma evaporação equilibrada e prolongada.</p>
<p><strong>Conteúdo da embalagem:</strong><br/>• 1 Frasco de Difusor com 250ml de fragrância concentrada<br/>• 6 Varetas de fibra no modelo europeu</p>
<p>Duração média de até <strong>90 dias</strong>, podendo se estender conforme o modo de uso.</p>
<p><strong>Aromarts: o equilíbrio perfeito entre fragrância, bem-estar e sofisticação.</strong></p>",Aromart Rios,Home & Garden > Decor > Home Fragrances,Difusor de Varetas,"difusores, Difusor de Varetas",TRUE,Title,Default Title,DIF-NOIR-CANDLE,,shopify,deny,manual,129.90,,TRUE,TRUE,https://cdn.awsli.com.br/2500x2500/559/559239/produto/347688809/aroma-sess-o1--15--yt2kxi7h0s.jpg,1,Difusor Noir Candle 250ml - imagem 1,,Difusor Noir Candle 250ml,"Difusor de Varetas Aromarts — Aroma e sofisticação em cada detalhe. O Difusor de Varetas Aromarts oferece uma aromatização contínua e sofisticada para o seu ambiente. Desenvolvido com fragrâncias de alta qualidade e varetas de fibra no modelo europeu, proporciona uma difusão eficiente e uniforme, ao mesmo tempo em que ",active
difusor-noir-candle-250ml,,,,,,,,,,,,,,,,,,,https://cdn.awsli.com.br/2500x2500/559/559239/produto/347688809/aromas-sess-o2--15--hoaudcsm4d.jpg,2,Difusor Noir Candle 250ml - imagem 2,,,,
difusor-noir-candle-250ml,,,,,,,,,,,,,,,,,,,https://cdn.awsli.com.br/2500x2500/559/559239/produto/347688809/6231f06ca2f988584ce2dd9c52563d89-7talkxvzua.jpg,3,Difusor Noir Candle 250ml - imagem 3,,,,
difusor-noir-candle-250ml,,,,,,,,,,,,,,,,,,,https://cdn.awsli.com.br/2500x2500/559/559239/produto/347688809/aroma-sess-o1--22--gk0yng30bu.jpg,4,Difusor Noir Candle 250ml - imagem 4,,,,
difusor-noir-candle-250ml,,,,,,,,,,,,,,,,,,,https://cdn.awsli.com.br/2500x2500/559/559239/produto/347688809/cdd06d7657019bb01bb3d0e7efe5cbe1-9w1532inrm.jpg,5,Difusor Noir Candle 250ml - imagem 5,,,,
difusor-noir-candle-250ml,,,,,,,,,,,,,,,,,,,https://cdn.awsli.com.br/2500x2500/559/559239/produto/347688809/aroma-sess-o1--17--ak4xzue8bf.jpg,6,Difusor Noir Candle 250ml - imagem 6,,,,
difusor-noir-candle-250ml,,,,,,,,,,,,,,,,,,,https://cdn.awsli.com.br/2500x2500/559/559239/produto/347688809/81c17693a408717504958cee1c18bb16-1c6ofogzpc.jpg,7,Difusor Noir Candle 250ml - imagem 7,,,,
difusor-orquidea-negra,Difusor Orquídea Negra 250ml,"<p><strong>Difusor de Varetas Aromarts — Aroma e sofisticação em cada detalhe.</strong></p>
<p>O Difusor de Varetas Aromarts oferece uma aromatização contínua e sofisticada para o seu ambiente. Desenvolvido com fragrâncias de alta qualidade e varetas de fibra no modelo europeu, proporciona uma difusão eficiente e uniforme, ao mesmo tempo em que agrega um toque de elegância à decoração.</p>
<p>Ideal para salas, escritórios, banheiros e lavabos, transforma qualquer espaço com uma presença olfativa marcante e acolhedora.</p>
<p><strong>Sobre a fragrância:</strong><br/>
<strong>Orquídea Negra</strong> é uma fragrância intensa, misteriosa e sofisticada, perfeita para quem busca um aroma marcante e envolvente.<br/>
A abertura combina notas frutadas e frescas de <strong>bergamota e groselha preta</strong>, despertando os sentidos com elegância. No coração, a <strong>orquídea negra</strong> revela toda sua sensualidade floral, enriquecida com toques de <strong>ylang-ylang</strong> e <strong>lótus</strong>, criando uma aura exótica e refinada. Por fim, a base de <strong>âmbar, patchouli e baunilha</strong> proporciona um acabamento quente e duradouro, deixando um rastro de sofisticação e presença. Uma fragrância perfeita para transformar qualquer ambiente com charme e intensidade.</p>
<p><strong>Modo de uso:</strong><br/>
• Remova a tampa do frasco e insira as 6 varetas de fibra para iniciar a difusão.<br/>
• Para intensificar a fragrância, recomenda-se virar as varetas diariamente.<br/>
• Em ambientes menores, a inversão pode ser feita uma vez por semana.</p>
<p>A durabilidade do aroma pode variar conforme a temperatura e ventilação do ambiente, garantindo uma evaporação equilibrada e prolongada.</p>
<p><strong>Conteúdo da embalagem:</strong><br/>
• 1 Frasco de Difusor com 250ml de fragrância concentrada<br/>
• 6 Varetas de fibra no modelo europeu</p>
<p>Duração média de até <strong>90 dias</strong>, podendo se estender conforme o modo de uso.</p>
<p><strong>Aromarts: o equilíbrio perfeito entre fragrância, bem-estar e sofisticação.</strong></p>",Aromart Rios,Home & Garden > Decor > Home Fragrances,Difusor de Varetas,"difusores, Difusor de Varetas",TRUE,Title,Default Title,DIF-ORQ-NEGRA,,shopify,deny,manual,79.90,129.90,TRUE,TRUE,https://cdn.awsli.com.br/2500x2500/559/559239/produto/326225668/aroma-sess-o1--15--rtt1f3ym9y.jpg,1,Difusor Orquídea Negra 250ml - imagem 1,,Difusor Orquídea Negra 250ml,"Difusor de Varetas Aromarts — Aroma e sofisticação em cada detalhe. O Difusor de Varetas Aromarts oferece uma aromatização contínua e sofisticada para o seu ambiente. Desenvolvido com fragrâncias de alta qualidade e varetas de fibra no modelo europeu, proporciona uma difusão eficiente e uniforme, ao mesmo tempo em que ",active
difusor-orquidea-negra,,,,,,,,,,,,,,,,,,,https://cdn.awsli.com.br/2500x2500/559/559239/produto/326225668/aromas-sess-o2--15--9smj4vgjft.jpg,2,Difusor Orquídea Negra 250ml - imagem 2,,,,
difusor-orquidea-negra,,,,,,,,,,,,,,,,,,,https://cdn.awsli.com.br/2500x2500/559/559239/produto/326225668/880b1d7efe52c2b9a693b4e10c89d699-hk2cqsgrn3.jpg,3,Difusor Orquídea Negra 250ml - imagem 3,,,,
difusor-orquidea-negra,,,,,,,,,,,,,,,,,,,https://cdn.awsli.com.br/2500x2500/559/559239/produto/326225668/aroma-sess-o1--22--zkg21w4aq9.jpg,4,Difusor Orquídea Negra 250ml - imagem 4,,,,
difusor-orquidea-negra,,,,,,,,,,,,,,,,,,,https://cdn.awsli.com.br/2500x2500/559/559239/produto/326225668/6306a1753240d10f43d1719292bb08fb-gdodchgmlk.jpg,5,Difusor Orquídea Negra 250ml - imagem 5,,,,
difusor-orquidea-negra,,,,,,,,,,,,,,,,,,,https://cdn.awsli.com.br/2500x2500/559/559239/produto/326225668/aroma-sess-o1--17--3rhf1vq7rv.jpg,6,Difusor Orquídea Negra 250ml - imagem 6,,,,
difusor-orquidea-negra,,,,,,,,,,,,,,,,,,,https://cdn.awsli.com.br/2500x2500/559/559239/produto/326225668/6fe4583a1fa94085cd29a0d9639df30c-8gagag5kn4.jpg,7,Difusor Orquídea Negra 250ml - imagem 7,,,,
difusor-palo-santo,Difusor Palo Santo 250ml,"<p><strong>Difusor de Varetas Aromarts — Aroma e sofisticação em cada detalhe.</strong></p>
<p>O Difusor de Varetas Aromarts oferece uma aromatização contínua e sofisticada para o seu ambiente. Desenvolvido com fragrâncias de alta qualidade e varetas de fibra no modelo europeu, proporciona uma difusão eficiente e uniforme, ao mesmo tempo em que agrega um toque de elegância à decoração.</p>
<p>Ideal para salas, escritórios, banheiros e lavabos, transforma qualquer espaço com uma presença olfativa marcante e acolhedora.</p>
<p><strong>Sobre a fragrância:</strong><br/><strong>Palo Santo</strong> é uma fragrância mística e reconfortante, ideal para quem busca equilíbrio, espiritualidade e bem-estar. Sua abertura revela notas suaves e amadeiradas que remetem à madeira aromática tradicionalmente usada em rituais de purificação. No coração, o aroma quente e resinoso do <strong>Palo Santo</strong> se mistura com toques herbais e levemente cítricos, promovendo uma sensação de limpeza energética e serenidade. A base de <strong>âmbar, cedro e musk</strong> intensifica a profundidade e prolonga a experiência olfativa com um rastro acolhedor e refinado. Uma fragrância que transforma o ambiente, trazendo paz, conexão e sofisticação.</p>
<p><strong>Modo de uso:</strong><br/>• Remova a tampa do frasco e insira as 6 varetas de fibra para iniciar a difusão.<br/>• Para intensificar a fragrância, recomenda-se virar as varetas diariamente.<br/>• Em ambientes menores, a inversão pode ser feita uma vez por semana.</p>
<p>A durabilidade do aroma pode variar conforme a temperatura e ventilação do ambiente, garantindo uma evaporação equilibrada e prolongada.</p>
<p><strong>Conteúdo da embalagem:</strong><br/>• 1 Frasco de Difusor com 250ml de fragrância concentrada<br/>• 6 Varetas de fibra no modelo europeu</p>
<p>Duração média de até <strong>90 dias</strong>, podendo se estender conforme o modo de uso.</p>
<p><strong>Aromarts: o equilíbrio perfeito entre fragrância, bem-estar e sofisticação.</strong></p>",Aromart Rios,Home & Garden > Decor > Home Fragrances,Difusor de Varetas,"difusores, Difusor de Varetas",TRUE,Title,Default Title,DIF-PALO-SANTO,,shopify,deny,manual,129.90,,TRUE,TRUE,https://cdn.awsli.com.br/2500x2500/559/559239/produto/326225577/aroma-sess-o1--15--3kmklk1y1c.jpg,1,Difusor Palo Santo 250ml - imagem 1,,Difusor Palo Santo 250ml,"Difusor de Varetas Aromarts — Aroma e sofisticação em cada detalhe. O Difusor de Varetas Aromarts oferece uma aromatização contínua e sofisticada para o seu ambiente. Desenvolvido com fragrâncias de alta qualidade e varetas de fibra no modelo europeu, proporciona uma difusão eficiente e uniforme, ao mesmo tempo em que ",active
difusor-palo-santo,,,,,,,,,,,,,,,,,,,https://cdn.awsli.com.br/2500x2500/559/559239/produto/326225577/aromas-sess-o2--15--59hvx7lmq7.jpg,2,Difusor Palo Santo 250ml - imagem 2,,,,
difusor-palo-santo,,,,,,,,,,,,,,,,,,,https://cdn.awsli.com.br/2500x2500/559/559239/produto/326225577/c2cfd4556c968ea4c90ae4727e4ad656-tqyq8g36dd.jpg,3,Difusor Palo Santo 250ml - imagem 3,,,,
difusor-palo-santo,,,,,,,,,,,,,,,,,,,https://cdn.awsli.com.br/2500x2500/559/559239/produto/326225577/aroma-sess-o1--22--750y2d1lvr.jpg,4,Difusor Palo Santo 250ml - imagem 4,,,,
difusor-palo-santo,,,,,,,,,,,,,,,,,,,https://cdn.awsli.com.br/2500x2500/559/559239/produto/326225577/119fd236d0f13bd0e4a503c46d43152c-pu8jm7bft1.jpg,5,Difusor Palo Santo 250ml - imagem 5,,,,
difusor-palo-santo,,,,,,,,,,,,,,,,,,,https://cdn.awsli.com.br/2500x2500/559/559239/produto/326225577/aroma-sess-o1--17--s9d9x4gxn6.jpg,6,Difusor Palo Santo 250ml - imagem 6,,,,
difusor-palo-santo,,,,,,,,,,,,,,,,,,,https://cdn.awsli.com.br/2500x2500/559/559239/produto/326225577/23989a234546a6a148dcabc42c0bdbea-nuz42jna7l.jpg,7,Difusor Palo Santo 250ml - imagem 7,,,,
difusor-paris,Difusor Paris,"<p><strong>Difusor de Varetas Aromarts — Aroma e sofisticação em cada detalhe.</strong></p>
<p>O Difusor de Varetas Aromarts oferece uma aromatização contínua e sofisticada para o seu ambiente. Desenvolvido com fragrâncias de alta qualidade e varetas de fibra no modelo europeu, proporciona uma difusão eficiente e uniforme, ao mesmo tempo em que agrega um toque de elegância à decoração.</p>
<p>Ideal para salas, escritórios, banheiros e lavabos, transforma qualquer espaço com uma presença olfativa marcante e acolhedora.</p>
<p><strong>Sobre a fragrância:</strong><br/>
<strong>Paris</strong> é uma fragrância romântica e encantadora, inspirada na elegância e charme da capital francesa. Sua saída é marcada por notas florais delicadas e levemente adocicadas, que evocam a sensação de caminhar por jardins parisienses em plena primavera. No coração, o toque refinado de rosas, peônias e flores brancas revela um buquê envolvente e feminino. A base de âmbar e musk acrescenta calor, sofisticação e durabilidade, deixando um rastro suave, acolhedor e inesquecível. Uma fragrância que transforma o ambiente em um cenário de puro encanto e beleza.</p>
<p><strong>Modo de uso:</strong><br/>
• Remova a tampa do frasco e insira as 6 varetas de fibra para iniciar a difusão.<br/>
• Para intensificar a fragrância, recomenda-se virar as varetas diariamente.<br/>
• Em ambientes menores, a inversão pode ser feita uma vez por semana.</p>
<p>A durabilidade do aroma pode variar conforme a temperatura e ventilação do ambiente, garantindo uma evaporação equilibrada e prolongada.</p>
<p><strong>Conteúdo da embalagem:</strong><br/>
• 1 Frasco de Difusor com 250ml de fragrância concentrada<br/>
• 6 Varetas de fibra no modelo europeu</p>
<p>Duração média de até <strong>90 dias</strong>, podendo se estender conforme o modo de uso.</p>
<p><strong>Aromarts: o equilíbrio perfeito entre fragrância, bem-estar e sofisticação.</strong></p>",Aromart Rios,Home & Garden > Decor > Home Fragrances,Difusor de Varetas,"difusores, Difusor de Varetas",TRUE,Title,Default Title,DIF-PARIS,,shopify,deny,manual,129.90,,TRUE,TRUE,https://cdn.awsli.com.br/2500x2500/559/559239/produto/326225113/aroma-sess-o1--24--plf9j6ibu0.jpg,1,Difusor Paris - imagem 1,,Difusor Paris,"Difusor de Varetas Aromarts — Aroma e sofisticação em cada detalhe. O Difusor de Varetas Aromarts oferece uma aromatização contínua e sofisticada para o seu ambiente. Desenvolvido com fragrâncias de alta qualidade e varetas de fibra no modelo europeu, proporciona uma difusão eficiente e uniforme, ao mesmo tempo em que ",active
difusor-paris,,,,,,,,,,,,,,,,,,,https://cdn.awsli.com.br/2500x2500/559/559239/produto/326225113/aromas-sess-o2--12--eez4hl11gm.jpg,2,Difusor Paris - imagem 2,,,,
difusor-paris,,,,,,,,,,,,,,,,,,,https://cdn.awsli.com.br/2500x2500/559/559239/produto/326225113/aroma-sess-o1--20--gyh0ys8u1i.jpg,3,Difusor Paris - imagem 3,,,,
difusor-paris,,,,,,,,,,,,,,,,,,,https://cdn.awsli.com.br/2500x2500/559/559239/produto/326225113/aroma-sess-o1--19--ri980nvfl2.jpg,4,Difusor Paris - imagem 4,,,,
difusor-wood-250ml,Difusor Wood 250ml,"<p><strong>Difusor de Varetas Aromarts — Aroma e sofisticação em cada detalhe.</strong></p>
<p>O Difusor de Varetas Aromarts oferece uma aromatização contínua e sofisticada para o seu ambiente. Desenvolvido com fragrâncias de alta qualidade e varetas de fibra no modelo europeu, proporciona uma difusão eficiente e uniforme, ao mesmo tempo em que agrega um toque de elegância à decoração.</p>
<p>Ideal para salas, escritórios, banheiros e lavabos, transforma qualquer espaço com uma presença olfativa marcante e acolhedora.</p>
<p><strong>Sobre a fragrância:</strong><br/><strong>Wood</strong> é uma fragrância sofisticada e imponente, ideal para ambientes elegantes e de classe. Sua abertura cítrica de <strong>limão</strong> e <strong>lavanda</strong> oferece um frescor envolvente e acolhedor, convidando os sentidos a uma experiência única.<br/>No coração, as notas amadeiradas de <strong>cedro</strong>, combinadas com a suavidade do <strong>jasmim</strong> e a profundidade do <strong>patchouli</strong>, criam uma riqueza floral e terrosa que adiciona complexidade à composição.<br/>A base de <strong>musk</strong> e <strong>ambergris</strong> confere um acabamento suave, refinado e duradouro, deixando um rastro sofisticado que permanece por mais tempo.<br/>Uma fragrância robusta e elegante, ideal para quem busca um toque de refinamento em cada detalhe.</p>
<p><strong>Modo de uso:</strong><br/>• Remova a tampa do frasco e insira as 6 varetas de fibra para iniciar a difusão.<br/>• Para intensificar a fragrância, recomenda-se virar as varetas diariamente.<br/>• Em ambientes menores, a inversão pode ser feita uma vez por semana.</p>
<p>A durabilidade do aroma pode variar conforme a temperatura e ventilação do ambiente, garantindo uma evaporação equilibrada e prolongada.</p>
<p><strong>Conteúdo da embalagem:</strong><br/>• 1 Frasco de Difusor com 250ml de fragrância concentrada<br/>• 6 Varetas de fibra no modelo europeu</p>
<p>Duração média de até <strong>90 dias</strong>, podendo se estender conforme o modo de uso.</p>
<p><strong>Aromarts: o equilíbrio perfeito entre fragrância, bem-estar e sofisticação.</strong></p>",Aromart Rios,Home & Garden > Decor > Home Fragrances,Difusor de Varetas,"difusores, Difusor de Varetas",TRUE,Title,Default Title,DIF-WOOD,,shopify,deny,manual,129.90,,TRUE,TRUE,https://cdn.awsli.com.br/2500x2500/559/559239/produto/347695749/aroma-sess-o1--23--exr83s0d11.jpg,1,Difusor Wood 250ml - imagem 1,,Difusor Wood 250ml,"Difusor de Varetas Aromarts — Aroma e sofisticação em cada detalhe. O Difusor de Varetas Aromarts oferece uma aromatização contínua e sofisticada para o seu ambiente. Desenvolvido com fragrâncias de alta qualidade e varetas de fibra no modelo europeu, proporciona uma difusão eficiente e uniforme, ao mesmo tempo em que ",active
difusor-wood-250ml,,,,,,,,,,,,,,,,,,,https://cdn.awsli.com.br/2500x2500/559/559239/produto/347695749/aromas-sess-o2--16--sibnthg7fb.jpg,2,Difusor Wood 250ml - imagem 2,,,,
difusor-wood-250ml,,,,,,,,,,,,,,,,,,,https://cdn.awsli.com.br/2500x2500/559/559239/produto/347695749/01fafbd1ecb888563507e012095bcd8f-d43lag2nwh.jpg,3,Difusor Wood 250ml - imagem 3,,,,
difusor-wood-250ml,,,,,,,,,,,,,,,,,,,https://cdn.awsli.com.br/2500x2500/559/559239/produto/347695749/aroma-sess-o1--21--r7wg0eji2k.jpg,4,Difusor Wood 250ml - imagem 4,,,,
difusor-wood-250ml,,,,,,,,,,,,,,,,,,,https://cdn.awsli.com.br/2500x2500/559/559239/produto/347695749/9f9c029341c4c486a3afd3e50c2fca2b-ofw253ht31.jpg,5,Difusor Wood 250ml - imagem 5,,,,
difusor-wood-250ml,,,,,,,,,,,,,,,,,,,https://cdn.awsli.com.br/2500x2500/559/559239/produto/347695749/aroma-sess-o1--18--pfk03ojr0b.jpg,6,Difusor Wood 250ml - imagem 6,,,,
difusor-wood-250ml,,,,,,,,,,,,,,,,,,,https://cdn.awsli.com.br/2500x2500/559/559239/produto/347695749/262f5333539987bb099c3a31328bcd8b-cvblibkvub.jpg,7,Difusor Wood 250ml - imagem 7,,,,
home-spray-aromatizador-250ml-alecrim,Home Spray Aromatizador 250ml - Alecrim,"<p><strong>Home Spray Aromatizador de Ambientes — Aromarts</strong></p>
<p>Perfume seu ambiente de forma instantânea e sofisticada com o <strong>Home Spray Aromarts</strong>. Ideal para uso diário ou ocasiões especiais, ele cria uma atmosfera acolhedora e elegante em qualquer espaço da sua casa.</p>
<p><strong>Sobre a fragrância:</strong><br/><strong>Alecrim</strong> é uma fragrância revitalizante e natural, perfeita para quem aprecia a pureza e o frescor das ervas aromáticas.<br/>Sua abertura vibrante combina notas frescas e cítricas de <strong>lavanda, alecrim, laranja e limão</strong>, proporcionando uma sensação imediata de energia e bem-estar.<br/>No coração, um delicado equilíbrio entre <strong>flores brancas, litsea cubeba e petit grain</strong> adiciona uma suavidade floral refinada.<br/>Por fim, a base se revela com <strong>madeiras nobres, musk, pau-rosa e cedro</strong>, conferindo profundidade, calor e um toque sofisticado e envolvente.<br/>Uma composição harmoniosa que perfuma e transforma qualquer ambiente com elegância e frescor.</p>
<p><strong>Como utilizar:</strong><br/>» Gire a trava da válvula borrifadora para o modo “OPEN”.<br/>» Pressione o gatilho até atingir a intensidade desejada, ajustando conforme o tamanho do ambiente e sua preferência pessoal.<br/>» Borrife no ar, mantendo distância de tecidos e móveis.</p>
<p><strong>Dicas para uma experiência perfeita:</strong><br/>» <strong>Aroma marcante:</strong> Aplique generosamente em espaços amplos.<br/>» <strong>Fragrância suave:</strong> Duas borrifadas são ideais para ambientes menores.<br/>» <strong>Visitas inesperadas:</strong> Refresque sua sala de estar em segundos.<br/>» <strong>Toque especial em presentes:</strong> Uma borrifada no cartão ou embalagem eleva a experiência.</p>
<p><strong>Detalhes do produto:</strong><br/>» <strong>Composição:</strong> Fragrância, antioxidante, protetor de cor, conservante, solvente e veículo.<br/>» <strong>Volume:</strong> 250ml<br/>» <strong>Embalagem:</strong> Frasco plástico transparente com design moderno, rótulo vibrante e válvula borrifadora preta com trava de segurança.</p>
<p><strong>Cuidados importantes:</strong><br/>» Mantenha fora do alcance de crianças e animais.<br/>» Uso externo. Não ingerir.<br/>» Evite contato prolongado com a pele.<br/>» Produto inflamável — mantenha longe de fogo e superfícies aquecidas.<br/>» Conservar em local fresco, ao abrigo da luz direta.</p>
<p>Transforme sua casa em um refúgio perfumado com o <strong>Home Spray Aromarts — onde a praticidade encontra a elegância.</strong></p>",Aromart Rios,Home & Garden > Decor > Home Fragrances,Home Spray,"home-spray, Home Spray",TRUE,Title,Default Title,HOME-ALECRIM,,shopify,deny,manual,79.90,,TRUE,TRUE,https://cdn.awsli.com.br/2500x2500/559/559239/produto/348122110/aroma-sess-o1--26--urjtg4ifdc.jpg,1,Home Spray Aromatizador 250ml - Alecrim - imagem 1,,Home Spray Aromatizador 250ml - Alecrim,"Home Spray Aromatizador de Ambientes — Aromarts Perfume seu ambiente de forma instantânea e sofisticada com o Home Spray Aromarts. Ideal para uso diário ou ocasiões especiais, ele cria uma atmosfera acolhedora e elegante em qualquer espaço da sua casa. Sobre a fragrância:Alecrim é uma fragrância revitalizante e natural",active
home-spray-aromatizador-250ml-blue-lap,Home Spray Aromatizador 250ml - Blue Lap,"<p><strong>Home Spray Aromatizador de Ambientes — Aromarts</strong></p>
<p>Perfume seu ambiente de forma instantânea e sofisticada com o <strong>Home Spray Aromarts</strong>. Ideal para uso diário ou ocasiões especiais, ele cria uma atmosfera acolhedora e elegante em qualquer espaço da sua casa.</p>
<p><strong>Sobre a fragrância:</strong><br/>
<strong>Blue Lap</strong> é uma fragrância fresca e elegante, perfeita para quem busca um ambiente com personalidade e leveza. Sua abertura cítrica e vibrante, combinada ao frescor aquático, traz uma sensação energizante e limpa logo nos primeiros instantes. No coração, notas florais suaves equilibram o perfume com delicadeza, enquanto a base amadeirada e levemente muskada proporciona um toque envolvente e duradouro. Ideal para deixar qualquer espaço com um aroma moderno, sofisticado e marcante.</p>
<p><strong>Como utilizar:</strong><br/>
» Gire a trava da válvula borrifadora para o modo “OPEN”.<br/>
» Pressione o gatilho até atingir a intensidade desejada, ajustando conforme o tamanho do ambiente e sua preferência pessoal.<br/>
» Borrife no ar, mantendo distância de tecidos e móveis.</p>
<p><strong>Dicas para uma experiência perfeita:</strong><br/>
» <strong>Aroma marcante:</strong> Aplique generosamente em espaços amplos.<br/>
» <strong>Fragrância suave:</strong> Duas borrifadas são ideais para ambientes menores.<br/>
» <strong>Visitas inesperadas:</strong> Refresque sua sala de estar em segundos.<br/>
» <strong>Toque especial em presentes:</strong> Uma borrifada no cartão ou embalagem eleva a experiência.</p>
<p><strong>Detalhes do produto:</strong><br/>
» <strong>Composição:</strong> Fragrância, antioxidante, protetor de cor, conservante, solvente e veículo.<br/>
» <strong>Volume:</strong> 250ml<br/>
» <strong>Embalagem:</strong> Frasco plástico transparente com design moderno, rótulo vibrante e válvula borrifadora preta com trava de segurança.</p>
<p><strong>Cuidados importantes:</strong><br/>
» Mantenha fora do alcance de crianças e animais.<br/>
» Uso externo. Não ingerir.<br/>
» Evite contato prolongado com a pele.<br/>
» Produto inflamável — mantenha longe de fogo e superfícies aquecidas.<br/>
» Conservar em local fresco, ao abrigo da luz direta.</p>
<p>Transforme sua casa em um refúgio perfumado com o <strong>Home Spray Aromarts — onde a praticidade encontra a elegância.</strong></p>",Aromart Rios,Home & Garden > Decor > Home Fragrances,Home Spray,"home-spray, Home Spray",TRUE,Title,Default Title,HOME-BLUE-LAP,,shopify,deny,manual,79.90,,TRUE,TRUE,https://cdn.awsli.com.br/2500x2500/559/559239/produto/348135935/blue-lap-pjvnz6ny7w.png,1,Home Spray Aromatizador 250ml - Blue Lap - imagem 1,,Home Spray Aromatizador 250ml - Blue Lap,"Home Spray Aromatizador de Ambientes — Aromarts Perfume seu ambiente de forma instantânea e sofisticada com o Home Spray Aromarts. Ideal para uso diário ou ocasiões especiais, ele cria uma atmosfera acolhedora e elegante em qualquer espaço da sua casa. Sobre a fragrância: Blue Lap é uma fragrância fresca e elegante, pe",active
home-spray-aromatizador-250ml-cereja-avela,Home Spray Aromatizador 250ml - Cereja e Avelã,"<p><strong>Home Spray Aromatizador de Ambientes — Aromarts</strong></p>
<p>Perfume seu ambiente de forma instantânea e sofisticada com o <strong>Home Spray Aromarts</strong>. Ideal para uso diário ou ocasiões especiais, ele cria uma atmosfera acolhedora e elegante em qualquer espaço da sua casa.</p>
<p><strong>Sobre a fragrância:</strong><br/>
<strong>Cereja e Avelã</strong> é uma fragrância envolvente e aconchegante, perfeita para transformar o ambiente em um verdadeiro refúgio sensorial. Sua saída adocicada de cereja traz uma sensação calorosa e delicadamente frutada, enquanto a avelã adiciona uma cremosidade marcante e irresistível. Essa combinação gourmand cria uma atmosfera doce, sofisticada e acolhedora, ideal para quem ama fragrâncias que abraçam e encantam com personalidade.</p>
<p><strong>Como utilizar:</strong><br/>
» Gire a trava da válvula borrifadora para o modo “OPEN”.<br/>
» Pressione o gatilho até atingir a intensidade desejada, ajustando conforme o tamanho do ambiente e sua preferência pessoal.<br/>
» Borrife no ar, mantendo distância de tecidos e móveis.</p>
<p><strong>Dicas para uma experiência perfeita:</strong><br/>
» <strong>Aroma marcante:</strong> Aplique generosamente em espaços amplos.<br/>
» <strong>Fragrância suave:</strong> Duas borrifadas são ideais para ambientes menores.<br/>
» <strong>Visitas inesperadas:</strong> Refresque sua sala de estar em segundos.<br/>
» <strong>Toque especial em presentes:</strong> Uma borrifada no cartão ou embalagem eleva a experiência.</p>
<p><strong>Detalhes do produto:</strong><br/>
» <strong>Composição:</strong> Fragrância, antioxidante, protetor de cor, conservante, solvente e veículo.<br/>
» <strong>Volume:</strong> 250ml<br/>
» <strong>Embalagem:</strong> Frasco plástico transparente com design moderno, rótulo vibrante e válvula borrifadora preta com trava de segurança.</p>
<p><strong>Cuidados importantes:</strong><br/>
» Mantenha fora do alcance de crianças e animais.<br/>
» Uso externo. Não ingerir.<br/>
» Evite contato prolongado com a pele.<br/>
» Produto inflamável — mantenha longe de fogo e superfícies aquecidas.<br/>
» Conservar em local fresco, ao abrigo da luz direta.</p>
<p>Transforme sua casa em um refúgio perfumado com o <strong>Home Spray Aromarts — onde a praticidade encontra a elegância.</strong></p>",Aromart Rios,Home & Garden > Decor > Home Fragrances,Home Spray,"home-spray, Home Spray",TRUE,Title,Default Title,HOME-CEREJA-AVELA,,shopify,deny,manual,79.90,,TRUE,TRUE,https://cdn.awsli.com.br/2500x2500/559/559239/produto/348134522/cereja-e-avel--ibrnu14lox.png,1,Home Spray Aromatizador 250ml - Cereja e Avelã - imagem 1,,Home Spray Aromatizador 250ml - Cereja e Avelã,"Home Spray Aromatizador de Ambientes — Aromarts Perfume seu ambiente de forma instantânea e sofisticada com o Home Spray Aromarts. Ideal para uso diário ou ocasiões especiais, ele cria uma atmosfera acolhedora e elegante em qualquer espaço da sua casa. Sobre a fragrância: Cereja e Avelã é uma fragrância envolvente e ac",active
home-spray-aromatizador-250ml-cha-branco,Home Spray Aromatizador 250ml - Chá Branco,"<p><strong>Home Spray Aromatizador de Ambientes — Aromarts</strong></p>
<p>Perfume seu ambiente de forma instantânea e sofisticada com o <strong>Home Spray Aromarts</strong>. Ideal para uso diário ou ocasiões especiais, ele transforma qualquer espaço em um refúgio de elegância e bem-estar.</p>
<p><strong>Sobre a fragrância:</strong><br/>
<strong>Chá Branco</strong> é uma fragrância leve, sofisticada e envolvente, perfeita para quem busca frescor e serenidade. Sua abertura delicada combina notas cítricas suaves com o frescor puro do chá branco, criando uma sensação de limpeza e tranquilidade. No coração, nuances florais se entrelaçam com toques verdes, proporcionando equilíbrio e suavidade. A base levemente amadeirada e muskada confere um acabamento elegante e duradouro. Ideal para ambientes que pedem calma, frescor e um toque de requinte.</p>
<p><strong>Como utilizar:</strong><br/>
» Gire a trava da válvula borrifadora para o modo “OPEN”.<br/>
» Pressione o gatilho até atingir a intensidade desejada, ajustando conforme o tamanho do ambiente e sua preferência pessoal.<br/>
» Borrife no ar, mantendo distância de tecidos e móveis.</p>
<p><strong>Dicas para uma experiência perfeita:</strong><br/>
» <strong>Aroma marcante:</strong> Aplique generosamente em espaços amplos.<br/>
» <strong>Fragrância suave:</strong> Duas borrifadas são ideais para ambientes menores.<br/>
» <strong>Visitas inesperadas:</strong> Refresque sua sala de estar em segundos.<br/>
» <strong>Toque especial em presentes:</strong> Uma borrifada no cartão ou embalagem eleva a experiência.</p>
<p><strong>Detalhes do produto:</strong><br/>
» <strong>Composição:</strong> Fragrância, antioxidante, protetor de cor, conservante, solvente e veículo.<br/>
» <strong>Volume:</strong> 250ml<br/>
» <strong>Embalagem:</strong> Frasco plástico transparente com design moderno, rótulo vibrante e válvula borrifadora preta com trava de segurança.</p>
<p><strong>Cuidados importantes:</strong><br/>
» Mantenha fora do alcance de crianças e animais.<br/>
» Uso externo. Não ingerir.<br/>
» Evite contato prolongado com a pele.<br/>
» Produto inflamável — mantenha longe de fogo e superfícies aquecidas.<br/>
» Conservar em local fresco, ao abrigo da luz direta.</p>
<p>Transforme sua casa em um refúgio perfumado com o <strong>Home Spray Aromarts — onde a leveza do chá branco encontra a sofisticação.</strong></p>",Aromart Rios,Home & Garden > Decor > Home Fragrances,Home Spray,"home-spray, Home Spray",TRUE,Title,Default Title,HOME-CHA-BRANCO,,shopify,deny,manual,79.90,,TRUE,TRUE,https://cdn.awsli.com.br/2500x2500/559/559239/produto/348137121/aroma-sess-o1--27--j7nufjgkmk.jpg,1,Home Spray Aromatizador 250ml - Chá Branco - imagem 1,,Home Spray Aromatizador 250ml - Chá Branco,"Home Spray Aromatizador de Ambientes — Aromarts Perfume seu ambiente de forma instantânea e sofisticada com o Home Spray Aromarts. Ideal para uso diário ou ocasiões especiais, ele transforma qualquer espaço em um refúgio de elegância e bem-estar. Sobre a fragrância: Chá Branco é uma fragrância leve, sofisticada e envol",active
home-spray-aromatizador-250ml-emporio,Home Spray Aromatizador 250ml - Empório,"<p><strong>Home Spray Aromatizador de Ambientes — Aromarts</strong></p>
<p>Perfume seu ambiente de forma instantânea e sofisticada com o <strong>Home Spray Aromarts</strong>. Ideal para o dia a dia ou momentos especiais, ele transforma qualquer espaço em um ambiente acolhedor, elegante e memorável.</p>
<p><strong>Sobre a fragrância:</strong><br/>
<strong>Empório</strong> é uma fragrância intensa e refinada, ideal para quem busca sofisticação e personalidade em cada detalhe. Sua abertura apresenta uma combinação envolvente de notas amadeiradas e especiadas, revelando elegância desde o primeiro instante. No coração, o calor do âmbar se une à profundidade do vetiver e à riqueza das resinas orientais, criando uma sensação marcante e sofisticada. A base de couro e patchouli completa essa composição com um toque de mistério e presença. Uma fragrância elegante, com um perfil masculino, envolvente e atemporal.</p>
<p><strong>Como utilizar:</strong><br/>
» Gire a trava da válvula borrifadora para o modo “OPEN”.<br/>
» Pressione o gatilho até atingir a intensidade desejada, ajustando conforme o tamanho do ambiente e sua preferência pessoal.<br/>
» Borrife no ar, mantendo distância de tecidos e móveis.</p>
<p><strong>Dicas para uma experiência perfeita:</strong><br/>
» <strong>Aroma marcante:</strong> Aplique generosamente em espaços amplos.<br/>
» <strong>Fragrância suave:</strong> Duas borrifadas são ideais para ambientes menores.<br/>
» <strong>Visitas inesperadas:</strong> Refresque sua sala de estar em segundos.<br/>
» <strong>Toque especial em presentes:</strong> Uma borrifada no cartão ou embalagem eleva a experiência.</p>
<p><strong>Detalhes do produto:</strong><br/>
» <strong>Composição:</strong> Fragrância, antioxidante, protetor de cor, conservante, solvente e veículo.<br/>
» <strong>Volume:</strong> 250ml<br/>
» <strong>Embalagem:</strong> Frasco plástico transparente com design moderno, rótulo vibrante e válvula borrifadora preta com trava de segurança.</p>
<p><strong>Cuidados importantes:</strong><br/>
» Mantenha fora do alcance de crianças e animais.<br/>
» Uso externo. Não ingerir.<br/>
» Evite contato prolongado com a pele.<br/>
» Produto inflamável — mantenha longe de fogo e superfícies aquecidas.<br/>
» Conservar em local fresco, ao abrigo da luz direta.</p>
<p><strong>Home Spray Aromarts Empório</strong> — elegância, intensidade e presença em cada borrifada.</p>",Aromart Rios,Home & Garden > Decor > Home Fragrances,Home Spray,"home-spray, Home Spray",TRUE,Title,Default Title,HOME-EMPORIO,,shopify,deny,manual,79.90,,TRUE,TRUE,https://cdn.awsli.com.br/2500x2500/559/559239/produto/348138092/aroma-sess-o1--26--htacog7akv.jpg,1,Home Spray Aromatizador 250ml - Empório - imagem 1,,Home Spray Aromatizador 250ml - Empório,"Home Spray Aromatizador de Ambientes — Aromarts Perfume seu ambiente de forma instantânea e sofisticada com o Home Spray Aromarts. Ideal para o dia a dia ou momentos especiais, ele transforma qualquer espaço em um ambiente acolhedor, elegante e memorável. Sobre a fragrância: Empório é uma fragrância intensa e refinada,",active
home-spray-aromatizador-250ml-garden,Home Spray Aromatizador 250ml - Garden,"<p><strong>Home Spray Aromatizador de Ambientes — Aromarts</strong></p>
<p>Perfume seu ambiente de forma instantânea e sofisticada com o <strong>Home Spray Aromarts</strong>. Ideal para uso diário ou ocasiões especiais, ele transforma qualquer espaço em um refúgio de elegância e bem-estar.</p>
<p><strong>Sobre a fragrância:</strong><br/>
<strong>Garden</strong> é uma fragrância fresca e encantadora, perfeita para quem deseja trazer a leveza e a beleza de um jardim florido para dentro de casa. Sua abertura combina notas verdes e levemente cítricas, que remetem à brisa suave de um fim de tarde. No coração, um buquê floral de rosas, peônias e lírios exala delicadeza, romantismo e frescor. A base de musk e madeiras claras adiciona suavidade e um toque acolhedor, completando essa experiência sensorial com harmonia. Ideal para quem ama ambientes leves, perfumados e cheios de vida.</p>
<p><strong>Como utilizar:</strong><br/>
» Gire a trava da válvula borrifadora para o modo “OPEN”.<br/>
» Pressione o gatilho até atingir a intensidade desejada, ajustando conforme o tamanho do ambiente e sua preferência pessoal.<br/>
» Borrife no ar, mantendo distância de tecidos e móveis.</p>
<p><strong>Dicas para uma experiência perfeita:</strong><br/>
» <strong>Aroma marcante:</strong> Aplique generosamente em espaços amplos.<br/>
» <strong>Fragrância suave:</strong> Duas borrifadas são ideais para ambientes menores.<br/>
» <strong>Visitas inesperadas:</strong> Refresque sua sala de estar em segundos.<br/>
» <strong>Toque especial em presentes:</strong> Uma borrifada no cartão ou embalagem eleva a experiência.</p>
<p><strong>Detalhes do produto:</strong><br/>
» <strong>Composição:</strong> Fragrância, antioxidante, protetor de cor, conservante, solvente e veículo.<br/>
» <strong>Volume:</strong> 250ml<br/>
» <strong>Embalagem:</strong> Frasco plástico transparente com design moderno, rótulo vibrante e válvula borrifadora preta com trava de segurança.</p>
<p><strong>Cuidados importantes:</strong><br/>
» Mantenha fora do alcance de crianças e animais.<br/>
» Uso externo. Não ingerir.<br/>
» Evite contato prolongado com a pele.<br/>
» Produto inflamável — mantenha longe de fogo e superfícies aquecidas.<br/>
» Conservar em local fresco, ao abrigo da luz direta.</p>
<p>Leve a natureza para dentro da sua casa com o <strong>Home Spray Aromarts Garden</strong> — frescor e delicadeza em cada borrifada.</p>",Aromart Rios,Home & Garden > Decor > Home Fragrances,Home Spray,"home-spray, Home Spray",TRUE,Title,Default Title,HOME-GARDEN,,shopify,deny,manual,79.90,,TRUE,TRUE,https://cdn.awsli.com.br/2500x2500/559/559239/produto/348137563/aroma-sess-o1--25--cwmxejxclo.jpg,1,Home Spray Aromatizador 250ml - Garden - imagem 1,,Home Spray Aromatizador 250ml - Garden,"Home Spray Aromatizador de Ambientes — Aromarts Perfume seu ambiente de forma instantânea e sofisticada com o Home Spray Aromarts. Ideal para uso diário ou ocasiões especiais, ele transforma qualquer espaço em um refúgio de elegância e bem-estar. Sobre a fragrância: Garden é uma fragrância fresca e encantadora, perfeit",active
home-spray-aromatizador-250ml-lavanda,Home Spray Aromatizador 250ml - Lavanda,"<p><strong>Home Spray Aromatizador de Ambientes — Aromarts</strong></p>
<p>Perfume seu ambiente de forma instantânea e sofisticada com o <strong>Home Spray Aromarts</strong>. Ideal para uso diário ou ocasiões especiais, ele cria uma atmosfera acolhedora e elegante em qualquer espaço da sua casa.</p>
<p><strong>Sobre a fragrância:</strong><br/><strong>Lavanda</strong> é uma fragrância clássica e atemporal, perfeita para quem busca tranquilidade e equilíbrio. Sua saída fresca e levemente floral remete ao campo de lavandas em plena florada, proporcionando uma sensação imediata de relaxamento. No coração, o toque suave da lavanda se destaca com elegância, criando um ambiente acolhedor e sereno. A base levemente amadeirada complementa a composição com um fundo limpo, confortável e duradouro. Uma fragrância calmante, ideal para momentos de descanso, meditação ou para deixar o dia a dia mais leve.</p>
<p><strong>Como utilizar:</strong><br/>» Gire a trava da válvula borrifadora para o modo “OPEN”.<br/>» Pressione o gatilho até atingir a intensidade desejada, ajustando conforme o tamanho do ambiente e sua preferência pessoal.<br/>» Borrife no ar, mantendo distância de tecidos e móveis.</p>
<p><strong>Dicas para uma experiência perfeita:</strong><br/>» <strong>Aroma marcante:</strong> Aplique generosamente em espaços amplos.<br/>» <strong>Fragrância suave:</strong> Duas borrifadas são ideais para ambientes menores.<br/>» <strong>Visitas inesperadas:</strong> Refresque sua sala de estar em segundos.<br/>» <strong>Toque especial em presentes:</strong> Uma borrifada no cartão ou embalagem eleva a experiência.</p>
<p><strong>Detalhes do produto:</strong><br/>» <strong>Composição:</strong> Fragrância, antioxidante, protetor de cor, conservante, solvente e veículo.<br/>» <strong>Volume:</strong> 250ml<br/>» <strong>Embalagem:</strong> Frasco plástico transparente com design moderno, rótulo vibrante e válvula borrifadora preta com trava de segurança.</p>
<p><strong>Cuidados importantes:</strong><br/>» Mantenha fora do alcance de crianças e animais.<br/>» Uso externo. Não ingerir.<br/>» Evite contato prolongado com a pele.<br/>» Produto inflamável — mantenha longe de fogo e superfícies aquecidas.<br/>» Conservar em local fresco, ao abrigo da luz direta.</p>
<p>Transforme sua casa em um refúgio perfumado com o <strong>Home Spray Aromarts — onde a praticidade encontra a elegância.</strong></p>",Aromart Rios,Home & Garden > Decor > Home Fragrances,Home Spray,"home-spray, Home Spray",TRUE,Title,Default Title,HOME-LAVANDA,,shopify,deny,manual,79.90,,TRUE,TRUE,https://cdn.awsli.com.br/2500x2500/559/559239/produto/348123186/lavanda-vbaltu1j2n.png,1,Home Spray Aromatizador 250ml - Lavanda - imagem 1,,Home Spray Aromatizador 250ml - Lavanda,"Home Spray Aromatizador de Ambientes — Aromarts Perfume seu ambiente de forma instantânea e sofisticada com o Home Spray Aromarts. Ideal para uso diário ou ocasiões especiais, ele cria uma atmosfera acolhedora e elegante em qualquer espaço da sua casa. Sobre a fragrância:Lavanda é uma fragrância clássica e atemporal, p",active
home-spray-aromatizador-250ml-lavanda-francesa,Home Spray Aromatizador 250ml - Lavanda Francesa,"<p><strong>Home Spray Aromatizador de Ambientes — Aromarts</strong></p>
<p>Perfume seu ambiente de forma instantânea e sofisticada com o <strong>Home Spray Aromarts</strong>. Ideal para uso diário ou ocasiões especiais, ele cria uma atmosfera acolhedora e elegante em qualquer espaço da sua casa.</p>
<p><strong>Sobre a fragrância:</strong><br/>
<strong>Lavanda Francesa</strong> é uma fragrância clássica, calmante e refinada, inspirada nos campos floridos do sul da França.<br/>
Sua abertura traz o frescor aromático da <strong>lavanda pura</strong>, combinada com toques sutis de <strong>bergamota</strong> e <strong>eucalipto</strong>, promovendo uma sensação imediata de relaxamento e leveza.<br/>
No coração, notas de <strong>rosa branca</strong> e <strong>camomila</strong> enriquecem a composição com suavidade floral. Para finalizar, a base de <strong>musk</strong>, <strong>cedro</strong> e <strong>âmbar claro</strong> envolve o ambiente com um aroma limpo, acolhedor e duradouro. Uma fragrância perfeita para quem busca serenidade e elegância no dia a dia.</p>
<p><strong>Como utilizar:</strong><br/>
» Gire a trava da válvula borrifadora para o modo “OPEN”.<br/>
» Pressione o gatilho até atingir a intensidade desejada, ajustando conforme o tamanho do ambiente e sua preferência pessoal.<br/>
» Borrife no ar, mantendo distância de tecidos e móveis.</p>
<p><strong>Dicas para uma experiência perfeita:</strong><br/>
» <strong>Aroma marcante:</strong> Aplique generosamente em espaços amplos.<br/>
» <strong>Fragrância suave:</strong> Duas borrifadas são ideais para ambientes menores.<br/>
» <strong>Visitas inesperadas:</strong> Refresque sua sala de estar em segundos.<br/>
» <strong>Toque especial em presentes:</strong> Uma borrifada no cartão ou embalagem eleva a experiência.</p>
<p><strong>Detalhes do produto:</strong><br/>
» <strong>Composição:</strong> Fragrância, antioxidante, protetor de cor, conservante, solvente e veículo.<br/>
» <strong>Volume:</strong> 250ml<br/>
» <strong>Embalagem:</strong> Frasco plástico transparente com design moderno, rótulo vibrante e válvula borrifadora preta com trava de segurança.</p>
<p><strong>Cuidados importantes:</strong><br/>
» Mantenha fora do alcance de crianças e animais.<br/>
» Uso externo. Não ingerir.<br/>
» Evite contato prolongado com a pele.<br/>
» Produto inflamável — mantenha longe de fogo e superfícies aquecidas.<br/>
» Conservar em local fresco, ao abrigo da luz direta.</p>
<p>Transforme sua casa em um refúgio perfumado com o <strong>Home Spray Aromarts — onde a praticidade encontra a elegância.</strong></p>",Aromart Rios,Home & Garden > Decor > Home Fragrances,Home Spray,"home-spray, Home Spray",TRUE,Title,Default Title,HOME-LAVANDA-FRAN,,shopify,deny,manual,79.90,,TRUE,TRUE,https://cdn.awsli.com.br/2500x2500/559/559239/produto/348125239/aroma-sess-o1--26--cbptxmwemt.jpg,1,Home Spray Aromatizador 250ml - Lavanda Francesa - imagem 1,,Home Spray Aromatizador 250ml - Lavanda Francesa,"Home Spray Aromatizador de Ambientes — Aromarts Perfume seu ambiente de forma instantânea e sofisticada com o Home Spray Aromarts. Ideal para uso diário ou ocasiões especiais, ele cria uma atmosfera acolhedora e elegante em qualquer espaço da sua casa. Sobre a fragrância: Lavanda Francesa é uma fragrância clássica, cal",active
home-spray-aromatizador-250ml-noir-candle,Home Spray Aromatizador 250ml - Noir Candle,"<p><strong>Home Spray Aromatizador de Ambientes — Aromarts</strong></p>
<p>Perfume seu ambiente de forma instantânea e sofisticada com o <strong>Home Spray Aromarts</strong>. Ideal para uso diário ou ocasiões especiais, ele cria uma atmosfera acolhedora e elegante em qualquer espaço da sua casa.</p>
<p><strong>Sobre a fragrância:</strong><br/>
<strong>Noir Candle</strong> é uma fragrância intensa, envolvente e misteriosa, perfeita para transformar qualquer ambiente em um refúgio de sofisticação. Sua abertura traz notas quentes e levemente adocicadas, criando uma sensação de aconchego à primeira borrifada. No coração, nuances amadeiradas e florais se fundem com elegância, proporcionando equilíbrio entre força e suavidade. A base, marcada por toques de âmbar, baunilha e musk, encerra com um rastro marcante, refinado e acolhedor. Uma fragrância perfeita para noites especiais ou momentos de puro relaxamento.</p>
<p><strong>Como utilizar:</strong><br/>
» Gire a trava da válvula borrifadora para o modo “OPEN”.<br/>
» Pressione o gatilho até atingir a intensidade desejada, ajustando conforme o tamanho do ambiente e sua preferência pessoal.<br/>
» Borrife no ar, mantendo distância de tecidos e móveis.</p>
<p><strong>Dicas para uma experiência perfeita:</strong><br/>
» <strong>Aroma marcante:</strong> Aplique generosamente em espaços amplos.<br/>
» <strong>Fragrância suave:</strong> Duas borrifadas são ideais para ambientes menores.<br/>
» <strong>Visitas inesperadas:</strong> Refresque sua sala de estar em segundos.<br/>
» <strong>Toque especial em presentes:</strong> Uma borrifada no cartão ou embalagem eleva a experiência.</p>
<p><strong>Detalhes do produto:</strong><br/>
» <strong>Composição:</strong> Fragrância, antioxidante, protetor de cor, conservante, solvente e veículo.<br/>
» <strong>Volume:</strong> 250ml<br/>
» <strong>Embalagem:</strong> Frasco plástico transparente com design moderno, rótulo vibrante e válvula borrifadora preta com trava de segurança.</p>
<p><strong>Cuidados importantes:</strong><br/>
» Mantenha fora do alcance de crianças e animais.<br/>
» Uso externo. Não ingerir.<br/>
» Evite contato prolongado com a pele.<br/>
» Produto inflamável — mantenha longe de fogo e superfícies aquecidas.<br/>
» Conservar em local fresco, ao abrigo da luz direta.</p>
<p>Transforme sua casa em um refúgio perfumado com o <strong>Home Spray Aromarts — onde a praticidade encontra a elegância.</strong></p>",Aromart Rios,Home & Garden > Decor > Home Fragrances,Home Spray,"home-spray, Home Spray",TRUE,Title,Default Title,HOME-NOIR-CANDLE,,shopify,deny,manual,79.90,,TRUE,TRUE,https://cdn.awsli.com.br/2500x2500/559/559239/produto/348129855/noir-candle-7zqf4ewzeh.png,1,Home Spray Aromatizador 250ml - Noir Candle - imagem 1,,Home Spray Aromatizador 250ml - Noir Candle,"Home Spray Aromatizador de Ambientes — Aromarts Perfume seu ambiente de forma instantânea e sofisticada com o Home Spray Aromarts. Ideal para uso diário ou ocasiões especiais, ele cria uma atmosfera acolhedora e elegante em qualquer espaço da sua casa. Sobre a fragrância: Noir Candle é uma fragrância intensa, envolvent",active
home-spray-aromatizador-250ml-orquidea-negra,Home Spray Aromatizador 250ml - Orquídea Negra,"<p><strong>Home Spray Aromatizador de Ambientes — Aromarts</strong></p>
<p>Perfume seu ambiente de forma instantânea e sofisticada com o <strong>Home Spray Aromarts</strong>. Ideal para uso diário ou ocasiões especiais, ele cria uma atmosfera acolhedora e elegante em qualquer espaço da sua casa.</p>
<p><strong>Sobre a fragrância:</strong><br/>
<strong>Orquídea Negra</strong> é uma fragrância intensa, misteriosa e sofisticada, perfeita para quem busca um aroma marcante e envolvente.<br/>
A abertura combina notas frutadas e frescas de <strong>bergamota e groselha preta</strong>, despertando os sentidos com elegância. No coração, a <strong>orquídea negra</strong> revela toda sua sensualidade floral, enriquecida com toques de <strong>ylang-ylang</strong> e <strong>lótus</strong>, criando uma aura exótica e refinada. Por fim, a base de <strong>âmbar, patchouli e baunilha</strong> proporciona um acabamento quente e duradouro, deixando um rastro de sofisticação e presença. Uma fragrância perfeita para transformar qualquer ambiente com charme e intensidade.</p>
<p><strong>Como utilizar:</strong><br/>
» Gire a trava da válvula borrifadora para o modo “OPEN”.<br/>
» Pressione o gatilho até atingir a intensidade desejada, ajustando conforme o tamanho do ambiente e sua preferência pessoal.<br/>
» Borrife no ar, mantendo distância de tecidos e móveis.</p>
<p><strong>Dicas para uma experiência perfeita:</strong><br/>
» <strong>Aroma marcante:</strong> Aplique generosamente em espaços amplos.<br/>
» <strong>Fragrância suave:</strong> Duas borrifadas são ideais para ambientes menores.<br/>
» <strong>Visitas inesperadas:</strong> Refresque sua sala de estar em segundos.<br/>
» <strong>Toque especial em presentes:</strong> Uma borrifada no cartão ou embalagem eleva a experiência.</p>
<p><strong>Detalhes do produto:</strong><br/>
» <strong>Composição:</strong> Fragrância, antioxidante, protetor de cor, conservante, solvente e veículo.<br/>
» <strong>Volume:</strong> 250ml<br/>
» <strong>Embalagem:</strong> Frasco plástico transparente com design moderno, rótulo vibrante e válvula borrifadora preta com trava de segurança.</p>
<p><strong>Cuidados importantes:</strong><br/>
» Mantenha fora do alcance de crianças e animais.<br/>
» Uso externo. Não ingerir.<br/>
» Evite contato prolongado com a pele.<br/>
» Produto inflamável — mantenha longe de fogo e superfícies aquecidas.<br/>
» Conservar em local fresco, ao abrigo da luz direta.</p>
<p>Transforme sua casa em um refúgio perfumado com o <strong>Home Spray Aromarts — onde a praticidade encontra a elegância.</strong></p>",Aromart Rios,Home & Garden > Decor > Home Fragrances,Home Spray,"home-spray, Home Spray",TRUE,Title,Default Title,HOME-ORQ-NEGRA,,shopify,deny,manual,79.90,,TRUE,TRUE,https://cdn.awsli.com.br/2500x2500/559/559239/produto/348128236/aroma-sess-o1--27--lt7exmmn6p.jpg,1,Home Spray Aromatizador 250ml - Orquídea Negra - imagem 1,,Home Spray Aromatizador 250ml - Orquídea Negra,"Home Spray Aromatizador de Ambientes — Aromarts Perfume seu ambiente de forma instantânea e sofisticada com o Home Spray Aromarts. Ideal para uso diário ou ocasiões especiais, ele cria uma atmosfera acolhedora e elegante em qualquer espaço da sua casa. Sobre a fragrância: Orquídea Negra é uma fragrância intensa, mister",active
home-spray-aromatizador-250ml-palo-santo,Home Spray Aromatizador 250ml - Palo Santo,"<p><strong>Home Spray Aromatizador de Ambientes — Aromarts</strong></p>
<p>Perfume seu ambiente de forma instantânea e sofisticada com o <strong>Home Spray Aromarts</strong>. Ideal para uso diário ou ocasiões especiais, ele cria uma atmosfera acolhedora e elegante em qualquer espaço da sua casa.</p>
<p><strong>Sobre a fragrância:</strong><br/>
<strong>Palo Santo</strong> é uma fragrância mística e reconfortante, ideal para quem busca equilíbrio, espiritualidade e bem-estar. Sua abertura revela notas suaves e amadeiradas que remetem à madeira aromática tradicionalmente usada em rituais de purificação. No coração, o aroma quente e resinoso do <strong>Palo Santo</strong> se mistura com toques herbais e levemente cítricos, promovendo uma sensação de limpeza energética e serenidade. A base de <strong>âmbar, cedro e musk</strong> intensifica a profundidade e prolonga a experiência olfativa com um rastro acolhedor e refinado. Uma fragrância que transforma o ambiente, trazendo paz, conexão e sofisticação.</p>
<p><strong>Como utilizar:</strong><br/>
» Gire a trava da válvula borrifadora para o modo “OPEN”.<br/>
» Pressione o gatilho até atingir a intensidade desejada, ajustando conforme o tamanho do ambiente e sua preferência pessoal.<br/>
» Borrife no ar, mantendo distância de tecidos e móveis.</p>
<p><strong>Dicas para uma experiência perfeita:</strong><br/>
» <strong>Aroma marcante:</strong> Aplique generosamente em espaços amplos.<br/>
» <strong>Fragrância suave:</strong> Duas borrifadas são ideais para ambientes menores.<br/>
» <strong>Visitas inesperadas:</strong> Refresque sua sala de estar em segundos.<br/>
» <strong>Toque especial em presentes:</strong> Uma borrifada no cartão ou embalagem eleva a experiência.</p>
<p><strong>Detalhes do produto:</strong><br/>
» <strong>Composição:</strong> Fragrância, antioxidante, protetor de cor, conservante, solvente e veículo.<br/>
» <strong>Volume:</strong> 250ml<br/>
» <strong>Embalagem:</strong> Frasco plástico transparente com design moderno, rótulo vibrante e válvula borrifadora preta com trava de segurança.</p>
<p><strong>Cuidados importantes:</strong><br/>
» Mantenha fora do alcance de crianças e animais.<br/>
» Uso externo. Não ingerir.<br/>
» Evite contato prolongado com a pele.<br/>
» Produto inflamável — mantenha longe de fogo e superfícies aquecidas.<br/>
» Conservar em local fresco, ao abrigo da luz direta.</p>
<p>Transforme sua casa em um refúgio perfumado com o <strong>Home Spray Aromarts — onde a praticidade encontra a elegância.</strong></p>",Aromart Rios,Home & Garden > Decor > Home Fragrances,Home Spray,"home-spray, Home Spray",TRUE,Title,Default Title,HOME-PALO-SANTO,,shopify,deny,manual,79.90,,TRUE,TRUE,https://cdn.awsli.com.br/2500x2500/559/559239/produto/348126523/aroma-sess-o1--27--2avtxke0pp.jpg,1,Home Spray Aromatizador 250ml - Palo Santo - imagem 1,,Home Spray Aromatizador 250ml - Palo Santo,"Home Spray Aromatizador de Ambientes — Aromarts Perfume seu ambiente de forma instantânea e sofisticada com o Home Spray Aromarts. Ideal para uso diário ou ocasiões especiais, ele cria uma atmosfera acolhedora e elegante em qualquer espaço da sua casa. Sobre a fragrância: Palo Santo é uma fragrância mística e reconfort",active
home-spray-aromatizador-250ml-paris,Home Spray Aromatizador 250ml - Paris,"<p><strong>Home Spray Aromatizador de Ambientes — Aromarts</strong></p>
<p>Perfume seu ambiente de forma instantânea e sofisticada com o <strong>Home Spray Aromarts</strong>. Ideal para uso diário ou ocasiões especiais, ele cria uma atmosfera acolhedora e elegante em qualquer espaço da sua casa.</p>
<p><strong>Sobre a fragrância:</strong><br/>
<strong>Paris</strong> é uma fragrância romântica e encantadora, inspirada na elegância e charme da capital francesa. Sua saída é marcada por notas florais delicadas e levemente adocicadas, que evocam a sensação de caminhar por jardins parisienses em plena primavera. No coração, o toque refinado de rosas, peônias e flores brancas revela um buquê envolvente e feminino. A base de âmbar e musk acrescenta calor, sofisticação e durabilidade, deixando um rastro suave, acolhedor e inesquecível. Uma fragrância que transforma o ambiente em um cenário de puro encanto e beleza.</p>
<p><strong>Como utilizar:</strong><br/>
» Gire a trava da válvula borrifadora para o modo “OPEN”.<br/>
» Pressione o gatilho até atingir a intensidade desejada, ajustando conforme o tamanho do ambiente e sua preferência pessoal.<br/>
» Borrife no ar, mantendo distância de tecidos e móveis.</p>
<p><strong>Dicas para uma experiência perfeita:</strong><br/>
» <strong>Aroma marcante:</strong> Aplique generosamente em espaços amplos.<br/>
» <strong>Fragrância suave:</strong> Duas borrifadas são ideais para ambientes menores.<br/>
» <strong>Visitas inesperadas:</strong> Refresque sua sala de estar em segundos.<br/>
» <strong>Toque especial em presentes:</strong> Uma borrifada no cartão ou embalagem eleva a experiência.</p>
<p><strong>Detalhes do produto:</strong><br/>
» <strong>Composição:</strong> Fragrância, antioxidante, protetor de cor, conservante, solvente e veículo.<br/>
» <strong>Volume:</strong> 250ml<br/>
» <strong>Embalagem:</strong> Frasco plástico transparente com design moderno, rótulo vibrante e válvula borrifadora preta com trava de segurança.</p>
<p><strong>Cuidados importantes:</strong><br/>
» Mantenha fora do alcance de crianças e animais.<br/>
» Uso externo. Não ingerir.<br/>
» Evite contato prolongado com a pele.<br/>
» Produto inflamável — mantenha longe de fogo e superfícies aquecidas.<br/>
» Conservar em local fresco, ao abrigo da luz direta.</p>
<p>Transforme sua casa em um refúgio perfumado com o <strong>Home Spray Aromarts — onde a praticidade encontra a elegância.</strong></p>",Aromart Rios,Home & Garden > Decor > Home Fragrances,Home Spray,"home-spray, Home Spray",TRUE,Title,Default Title,HOME-PARIS,,shopify,deny,manual,79.90,,TRUE,TRUE,https://cdn.awsli.com.br/2500x2500/559/559239/produto/348129308/aroma-sess-o1--26--086xcwy245.jpg,1,Home Spray Aromatizador 250ml - Paris - imagem 1,,Home Spray Aromatizador 250ml - Paris,"Home Spray Aromatizador de Ambientes — Aromarts Perfume seu ambiente de forma instantânea e sofisticada com o Home Spray Aromarts. Ideal para uso diário ou ocasiões especiais, ele cria uma atmosfera acolhedora e elegante em qualquer espaço da sua casa. Sobre a fragrância: Paris é uma fragrância romântica e encantadora,",active
home-spray-aromatizador-250ml-petra,Home Spray Aromatizador 250ml - Petra,"<p><strong>Home Spray Aromatizador de Ambientes — Aromarts</strong></p>
<p>Perfume seu ambiente de forma instantânea e sofisticada com o <strong>Home Spray Aromarts</strong>. Ideal para uso diário ou ocasiões especiais, ele cria uma atmosfera acolhedora e elegante em qualquer espaço da sua casa.</p>
<p><strong>Sobre a fragrância:</strong><br/>
<strong>Petra</strong> é uma fragrância marcante e sofisticada, que combina força e elegância em uma composição envolvente. Sua abertura traz notas especiadas e levemente doces, criando uma sensação de presença e mistério. No coração, acordes amadeirados e florais se misturam harmoniosamente, conferindo profundidade e personalidade ao aroma. A base quente, com toques de âmbar e musk, deixa um rastro imponente e refinado, perfeito para quem deseja transformar o ambiente com um toque de luxo e originalidade.</p>
<p><strong>Como utilizar:</strong><br/>
» Gire a trava da válvula borrifadora para o modo “OPEN”.<br/>
» Pressione o gatilho até atingir a intensidade desejada, ajustando conforme o tamanho do ambiente e sua preferência pessoal.<br/>
» Borrife no ar, mantendo distância de tecidos e móveis.</p>
<p><strong>Dicas para uma experiência perfeita:</strong><br/>
» <strong>Aroma marcante:</strong> Aplique generosamente em espaços amplos.<br/>
» <strong>Fragrância suave:</strong> Duas borrifadas são ideais para ambientes menores.<br/>
» <strong>Visitas inesperadas:</strong> Refresque sua sala de estar em segundos.<br/>
» <strong>Toque especial em presentes:</strong> Uma borrifada no cartão ou embalagem eleva a experiência.</p>
<p><strong>Detalhes do produto:</strong><br/>
» <strong>Composição:</strong> Fragrância, antioxidante, protetor de cor, conservante, solvente e veículo.<br/>
» <strong>Volume:</strong> 250ml<br/>
» <strong>Embalagem:</strong> Frasco plástico transparente com design moderno, rótulo vibrante e válvula borrifadora preta com trava de segurança.</p>
<p><strong>Cuidados importantes:</strong><br/>
» Mantenha fora do alcance de crianças e animais.<br/>
» Uso externo. Não ingerir.<br/>
» Evite contato prolongado com a pele.<br/>
» Produto inflamável — mantenha longe de fogo e superfícies aquecidas.<br/>
» Conservar em local fresco, ao abrigo da luz direta.</p>
<p>Transforme sua casa em um refúgio perfumado com o <strong>Home Spray Aromarts — onde a praticidade encontra a elegância.</strong></p>",Aromart Rios,Home & Garden > Decor > Home Fragrances,Home Spray,"home-spray, Home Spray",TRUE,Title,Default Title,HOME-PETRA,,shopify,deny,manual,79.90,,TRUE,TRUE,https://cdn.awsli.com.br/2500x2500/559/559239/produto/348131624/petra-6tne8vqf5x.png,1,Home Spray Aromatizador 250ml - Petra - imagem 1,,Home Spray Aromatizador 250ml - Petra,"Home Spray Aromatizador de Ambientes — Aromarts Perfume seu ambiente de forma instantânea e sofisticada com o Home Spray Aromarts. Ideal para uso diário ou ocasiões especiais, ele cria uma atmosfera acolhedora e elegante em qualquer espaço da sua casa. Sobre a fragrância: Petra é uma fragrância marcante e sofisticada, ",active
home-spray-aromatizador-250ml-rj21,Home Spray Aromatizador 250ml - RJ21,"<p><strong>Home Spray Aromatizador de Ambientes — Aromarts</strong></p>
<p>Perfume seu ambiente de forma instantânea e sofisticada com o <strong>Home Spray Aromarts</strong>. Ideal para o dia a dia ou ocasiões especiais, ele transforma qualquer espaço em um cenário acolhedor e elegante.</p>
<p><strong>Sobre a fragrância:</strong><br/>
<strong>RJ21</strong> é uma fragrância urbana, fresca e cheia de atitude — perfeita para quem gosta de deixar sua marca com leveza e personalidade. Sua saída cítrica e vibrante traz um toque energizante, enquanto o corpo revela notas florais e aromáticas que equilibram frescor e sofisticação. A base amadeirada e levemente adocicada encerra com um aroma marcante, moderno e envolvente. Um convite olfativo para viver o melhor da cidade com estilo e presença.</p>
<p><strong>Como utilizar:</strong><br/>
» Gire a trava da válvula borrifadora para o modo “OPEN”.<br/>
» Pressione o gatilho até atingir a intensidade desejada, ajustando conforme o tamanho do ambiente e sua preferência pessoal.<br/>
» Borrife no ar, mantendo distância de tecidos e móveis.</p>
<p><strong>Dicas para uma experiência perfeita:</strong><br/>
» <strong>Aroma marcante:</strong> Aplique generosamente em espaços amplos.<br/>
» <strong>Fragrância suave:</strong> Duas borrifadas são ideais para ambientes menores.<br/>
» <strong>Visitas inesperadas:</strong> Refresque sua sala de estar em segundos.<br/>
» <strong>Toque especial em presentes:</strong> Uma borrifada no cartão ou embalagem eleva a experiência.</p>
<p><strong>Detalhes do produto:</strong><br/>
» <strong>Composição:</strong> Fragrância, antioxidante, protetor de cor, conservante, solvente e veículo.<br/>
» <strong>Volume:</strong> 250ml<br/>
» <strong>Embalagem:</strong> Frasco plástico transparente com design moderno, rótulo vibrante e válvula borrifadora preta com trava de segurança.</p>
<p><strong>Cuidados importantes:</strong><br/>
» Mantenha fora do alcance de crianças e animais.<br/>
» Uso externo. Não ingerir.<br/>
» Evite contato prolongado com a pele.<br/>
» Produto inflamável — mantenha longe de fogo e superfícies aquecidas.<br/>
» Conservar em local fresco, ao abrigo da luz direta.</p>
<p><strong>Home Spray Aromarts RJ21</strong> — a essência do lifestyle carioca, com frescor, atitude e autenticidade.</p>",Aromart Rios,Home & Garden > Decor > Home Fragrances,Home Spray,"home-spray, Home Spray",TRUE,Title,Default Title,HOME-RJ21,,shopify,deny,manual,79.90,,TRUE,TRUE,https://cdn.awsli.com.br/2500x2500/559/559239/produto/348138546/rj-9ojl5z40m9.png,1,Home Spray Aromatizador 250ml - RJ21 - imagem 1,,Home Spray Aromatizador 250ml - RJ21,"Home Spray Aromatizador de Ambientes — Aromarts Perfume seu ambiente de forma instantânea e sofisticada com o Home Spray Aromarts. Ideal para o dia a dia ou ocasiões especiais, ele transforma qualquer espaço em um cenário acolhedor e elegante. Sobre a fragrância: RJ21 é uma fragrância urbana, fresca e cheia de atitude ",active
home-spray-aromatizador-250ml-vibe,Home Spray Aromatizador 250ml - Vibe,"<p><strong>Home Spray Aromatizador de Ambientes — Aromarts</strong></p>
<p>Perfume seu ambiente de forma instantânea e sofisticada com o <strong>Home Spray Aromarts</strong>. Ideal para uso diário ou ocasiões especiais, ele cria uma atmosfera acolhedora e elegante em qualquer espaço da sua casa.</p>
<p><strong>Sobre a fragrância:</strong><br/>
<strong>Vibe</strong> é uma fragrância vibrante e cheia de energia, ideal para quem vive intensamente cada momento. A saída combina o frescor do limão com o toque suculento da maçã verde, criando uma abertura leve e revigorante. No coração, o bambu e o jasmim trazem uma sensação verde e floral, equilibrando frescor e delicadeza. A base de musk e cedro encerra com elegância, oferecendo um acabamento limpo, moderno e marcante. Perfeita para acompanhar sua rotina com leveza e atitude.</p>
<p><strong>Como utilizar:</strong><br/>
» Gire a trava da válvula borrifadora para o modo “OPEN”.<br/>
» Pressione o gatilho até atingir a intensidade desejada, ajustando conforme o tamanho do ambiente e sua preferência pessoal.<br/>
» Borrife no ar, mantendo distância de tecidos e móveis.</p>
<p><strong>Dicas para uma experiência perfeita:</strong><br/>
» <strong>Aroma marcante:</strong> Aplique generosamente em espaços amplos.<br/>
» <strong>Fragrância suave:</strong> Duas borrifadas são ideais para ambientes menores.<br/>
» <strong>Visitas inesperadas:</strong> Refresque sua sala de estar em segundos.<br/>
» <strong>Toque especial em presentes:</strong> Uma borrifada no cartão ou embalagem eleva a experiência.</p>
<p><strong>Detalhes do produto:</strong><br/>
» <strong>Composição:</strong> Fragrância, antioxidante, protetor de cor, conservante, solvente e veículo.<br/>
» <strong>Volume:</strong> 250ml<br/>
» <strong>Embalagem:</strong> Frasco plástico transparente com design moderno, rótulo vibrante e válvula borrifadora preta com trava de segurança.</p>
<p><strong>Cuidados importantes:</strong><br/>
» Mantenha fora do alcance de crianças e animais.<br/>
» Uso externo. Não ingerir.<br/>
» Evite contato prolongado com a pele.<br/>
» Produto inflamável — mantenha longe de fogo e superfícies aquecidas.<br/>
» Conservar em local fresco, ao abrigo da luz direta.</p>
<p>Transforme sua casa em um refúgio perfumado com o <strong>Home Spray Aromarts — onde a praticidade encontra a elegância.</strong></p>",Aromart Rios,Home & Garden > Decor > Home Fragrances,Home Spray,"home-spray, Home Spray",TRUE,Title,Default Title,HOME-VIBE,,shopify,deny,manual,79.90,,TRUE,TRUE,https://cdn.awsli.com.br/2500x2500/559/559239/produto/348133736/vibe-o15uwan8oa.png,1,Home Spray Aromatizador 250ml - Vibe - imagem 1,,Home Spray Aromatizador 250ml - Vibe,"Home Spray Aromatizador de Ambientes — Aromarts Perfume seu ambiente de forma instantânea e sofisticada com o Home Spray Aromarts. Ideal para uso diário ou ocasiões especiais, ele cria uma atmosfera acolhedora e elegante em qualquer espaço da sua casa. Sobre a fragrância: Vibe é uma fragrância vibrante e cheia de energ",active
spray-aromatizador-250ml-wood,Home Spray Aromatizador 250ml - Wood,"<p><strong>Home Spray Aromatizador de Ambientes — Aromarts</strong></p>
<p>Perfume seu ambiente de forma instantânea e sofisticada com o <strong>Home Spray Aromarts</strong>. Ideal para uso diário ou ocasiões especiais, ele cria uma atmosfera acolhedora e elegante em qualquer espaço da sua casa.</p>
<p><strong>Sobre a fragrância:</strong><br/>
<strong>Wood</strong> é uma fragrância sofisticada e imponente, ideal para ambientes elegantes e de classe. Sua abertura cítrica de limão e lavanda oferece um frescor envolvente e acolhedor, convidando os sentidos a uma experiência única. No coração, as notas amadeiradas de cedro, combinadas com a suavidade do jasmim e a profundidade do patchouli, criam uma riqueza floral e terrosa que adiciona complexidade à composição. A base de musk e ambergris confere um acabamento suave, refinado e duradouro, deixando um rastro sofisticado que permanece por mais tempo. Uma fragrância robusta e elegante, ideal para quem busca um toque de refinamento em cada detalhe.</p>
<p><strong>Como utilizar:</strong><br/>
» Gire a trava da válvula borrifadora para o modo “OPEN”.<br/>
» Pressione o gatilho até atingir a intensidade desejada, ajustando conforme o tamanho do ambiente e sua preferência pessoal.<br/>
» Borrife no ar, mantendo distância de tecidos e móveis.</p>
<p><strong>Dicas para uma experiência perfeita:</strong><br/>
» <strong>Aroma marcante:</strong> Aplique generosamente em espaços amplos.<br/>
» <strong>Fragrância suave:</strong> Duas borrifadas são ideais para ambientes menores.<br/>
» <strong>Visitas inesperadas:</strong> Refresque sua sala de estar em segundos.<br/>
» <strong>Toque especial em presentes:</strong> Uma borrifada no cartão ou embalagem eleva a experiência.</p>
<p><strong>Detalhes do produto:</strong><br/>
» <strong>Composição:</strong> Fragrância, antioxidante, protetor de cor, conservante, solvente e veículo.<br/>
» <strong>Volume:</strong> 250ml<br/>
» <strong>Embalagem:</strong> Frasco plástico transparente com design moderno, rótulo vibrante e válvula borrifadora preta com trava de segurança.</p>
<p><strong>Cuidados importantes:</strong><br/>
» Mantenha fora do alcance de crianças e animais.<br/>
» Uso externo. Não ingerir.<br/>
» Evite contato prolongado com a pele.<br/>
» Produto inflamável — mantenha longe de fogo e superfícies aquecidas.<br/>
» Conservar em local fresco, ao abrigo da luz direta.</p>
<p>Transforme sua casa em um refúgio perfumado com o <strong>Home Spray Aromarts — onde a praticidade encontra a elegância.</strong></p>",Aromart Rios,Home & Garden > Decor > Home Fragrances,Home Spray,"home-spray, Home Spray",TRUE,Title,Default Title,HOME-WOOD,,shopify,deny,manual,79.90,,TRUE,TRUE,https://cdn.awsli.com.br/2500x2500/559/559239/produto/348128725/aroma-sess-o1--27--ki740iqfyx.jpg,1,Home Spray Aromatizador 250ml - Wood - imagem 1,,Home Spray Aromatizador 250ml - Wood,"Home Spray Aromatizador de Ambientes — Aromarts Perfume seu ambiente de forma instantânea e sofisticada com o Home Spray Aromarts. Ideal para uso diário ou ocasiões especiais, ele cria uma atmosfera acolhedora e elegante em qualquer espaço da sua casa. Sobre a fragrância: Wood é uma fragrância sofisticada e imponente, ",active
